THE,4550
TO,3885
AND,3801
OF,3611
A,1709
IN,1521
FOR,1365
AS,926
FINANCIAL,895
ARE,887
WITH,852
WILL,829
ON,751
THEIR,705
THAT,650
BY,593
CUSTOMERS,589
BE,588
IDENTITY,569
IS,555
FROM,547
INSTITUTIONS,528
DATA,515
SERVICES,484
OR,471
MARKET,471
MORE,454
HAVE,423
NEW,419
PLATFORMS,416
DIGITAL,399
CUSTOMER,380
KEY,367
INFORMATION,359
CAN,351
BANK,343
PRODUCTS,336
INSURANCE,329
AN,323
TRADITIONAL,321
ALTERNATIVE,303
INVESTMENT,296
INVESTORS,293
PAYMENT,287
BANKS,283
ECONOMIC,279
RISK,278
FORUM,273
PAYMENTS,273
NOT,269
CAPITAL,262
IMPLICATIONS,262
THIS,261
END,252
EG,251
MAY,249
HOW,248
ACCESS,246
VALUE,240
SYSTEMS,240
UNCERTAINTIES,238
THROUGH,235
MANAGEMENT,231
PROVIDERS,231
LENDING,228
THESE,226
INSURERS,223
TRANSACTIONS,222
PROCESSES,220
S,218
PROVIDE,210
SYSTEM,210
FUTURE,209
THEY,206
POTENTIAL,201
TECHNOLOGY,199
WOULD,198
DLT,198
REGULATORY,197
SCENARIO,195
PROCESS,194
HAS,192
USE,192
OPPORTUNITIES,189
RISKS,187
BUSINESS,183
REGULATORS,181
USERS,181
INTO,179
LARGE,178
SOLUTIONS,175
ALL,175
INCUMBENTS,174
USER,174
INTERMEDIARIES,174
ASSET,172
BECOME,169
GLOBAL,165
WORLD,164
WHAT,162
CONCLUSION,160
NEED,160
FIS,158
EQUITY,157
PLATFORM,156
SMART,156
MANY,152
MODELS,152
BETWEEN,152
AT,149
SERVICE,149
ITS,148
TRANSFER,148
OVER,147
STATESINTRODUCTION,147
TRADING,147
INFRASTRUCTURE,145
INDUSTRY,144
CREDIT,144
C,144
AUTOMATED,142
MARKETS,141
FUNDING,141
OTHER,140
WITHIN,139
INDIVIDUAL,138
ECOSYSTEM,136
CASE,136
TRANSACTION,135
ATTRIBUTES,135
FIRMS,134
ACROSS,133
ONLINE,133
WHICH,132
BANKING,132
MUST,132
TIME,131
PRODUCT,128
ENTITIES,127
ABILITY,127
INCREASED,125
FINDINGS,122
IT,121
NEEDS,121
SUCH,120
ROLE,118
SCALE,117
MOBILE,117
B,117
WEALTH,116
BUT,116
WHO,115
WHERE,115
DISTRIBUTED,115
COSTS,114
ASSETS,114
HIGH,113
BASED,113
DELOITTE,112
CROWDFUNDING,112
CRITICAL,111
FOCUS,111
IMPACT,110
SOURCES,110
CORE,109
DIFFERENT,109
ALLOW,108
INVESTOR,108
NETWORK,107
TRADE,107
LENDERS,107
CONTRACT,107
ACTIVITIES,106
STATE,106
PROJECT,105
CAPABILITIES,104
SOME,104
COST,104
OFFER,104
BENEFITS,104
DUE,103
NUMBER,102
DEVELOPMENT,101
EXPERIENCE,100
ADDITIONAL,100
SCHEMES,100
ALSO,99
DISTRIBUTION,99
VIA,98
CONDITIONS,98
MONEY,98
THEM,97
LEAD,96
RETRIEVED,96
INDIVIDUALS,95
WHILE,95
SHIFT,94
FUNDS,94
CONTROL,94
INNOVATION,93
ONE,93
COMPLIANCE,93
INCREASING,92
SETTLEMENT,92
LOAN,91
COULD,91
CREATE,90
UNDERWRITING,90
SUMMARY,90
IMPROVE,89
RETAIL,88
GAIN,88
GROUP,87
INCREASE,87
LIMITED,86
ABLE,86
DIRECTLY,86
FINTECHS,85
INNOVATIONS,85
COMPETITIVE,85
CONNECTED,85
ENTITY,84
EACH,84
EMERGING,84
COMPANIES,84
REQUIRED,84
CARDS,83
SET,82
MANAGERS,82
PRIVATE,81
LOSS,81
CHAIN,81
THAN,81
LEDGER,81
LOWER,80
EXISTING,80
LESS,80
STUDIES,80
FASTER,80
LEGAL,79
PARTNERSHIPS,79
GROWTH,79
IMPROVED,79
TODAY,78
DO,77
ENABLE,75
VIEW,75
CHANNELS,75
CURRENT,74
SINGLE,74
ASSOCIATED,74
SHOULD,73
FOLLOWING,73
COMPETITION,73
SHARE,73
TECHNOLOGIES,72
PARTIES,72
MAKE,72
CHANGE,71
ACCOUNT,71
CLAIMS,71
INVESTMENTS,71
PLAYERS,70
CARD,70
PERSONAL,70
SUPPORT,69
BOTH,69
MOST,69
SIGNIFICANT,69
MODEL,69
REDUCE,69
HEAD,68
ADOPTION,68
INCREASINGLY,68
PROVIDING,68
CEO,68
BEEN,67
AMONG,67
STANDARDS,67
WITHOUT,66
LOW,66
USING,66
SUPPORTING,66
LOANS,66
RAISING,66
REDUCED,66
BUYERS,66
SELLERS,66
PROXY,66
ACCOUNTS,65
TRANSPARENCY,65
EFFICIENCY,65
STRATEGY,64
AROUND,64
FINDING,64
INCUMBENT,63
MULTIPLE,63
OPEN,63
EXCHANGE,63
BORROWERS,63
REPORT,62
ORDER,62
BUSINESSES,62
EVIDENCE,62
RESULT,62
COUNTERPARTY,62
AUTHENTICATION,62
APPROACH,61
SOLUTION,61
BEING,61
STRATEGIES,61
OVERALL,61
PROVIDES,60
OFFERINGS,60
PRESSURE,60
EXTERNAL,60
NETWORKS,60
D,60
IMPLEMENTATION,60
REQUIREMENTS,60
OWNERSHIP,59
MERCHANTS,59
TRUST,59
DEVELOP,59
INTEREST,59
LACK,59
LEVEL,59
FEES,59
ACT,59
TRUSTED,59
EXPERTS,58
QUESTIONS,58
GOVERNMENT,58
SMALL,58
LANDSCAPE,58
RISE,58
REGULATOR,58
EXECUTION,58
MASS,58
MEMBER,57
USED,57
REQUIRE,57
NICHE,57
COUNTERPARTIES,57
RPS,57
DIRECTOR,56
HIGHER,56
CONTINUE,56
VENTURE,56
STAKEHOLDERS,55
BETTER,55
SAVINGS,55
IF,55
US,55
SMALLER,55
COMPLETE,55
MANUAL,55
IDPS,55
ENTRANTS,54
ENABLING,54
VISIBILITY,54
HOWEVER,54
LIFE,54
HTTPS,54
ONLY,53
TOOLS,53
NO,53
CREATING,52
ABOUT,52
INSTITUTIONAL,52
MAKING,52
CHIEF,52
EXECUTIVE,52
CHANGES,52
DEPOSITS,52
ENSURE,52
SOCIAL,52
FACILITATE,52
PUBLIC,51
DETAILS,51
PARTICIPANTS,51
INCLUDING,51
SECURITY,51
PROCESSING,51
CENTRAL,51
WE,50
TEAM,50
NONTRADITIONAL,50
LIQUIDITY,50
REGULATIONS,49
BUILD,49
CONTINUED,49
DEMAND,49
SCENARIOS,49
CUSTODIAN,49
SECTION,48
ADVICE,48
RELATIONSHIPS,48
TWO,48
ESTABLISHED,48
POINTS,48
COMPETE,48
DELIVER,48
PHYSICAL,48
ATTRIBUTE,48
AUTOMATION,47
DIRECT,47
THOSE,47
PARTY,47
CASH,47
MARKETPLACE,47
P,47
COMMERCIAL,47
CONTRACTS,47
COMPANY,46
STRUCTURE,46
RAILS,46
AGAINST,46
WHEN,46
LEADING,46
OFFERING,46
FINANCE,46
CLIENTS,45
ALLOWS,45
ANALYSIS,45
MAJOR,45
UP,45
CONNECTIVITY,45
REDUCING,45
DISRUPTIVE,44
WELL,44
CHARACTERISTICS,44
TECH,44
EXAMPLE,44
NECESSARY,44
CASES,44
DEVICES,44
SPECIFIC,44
REGULATION,44
REVENUE,44
INSTITUTION,44
HISTORY,44
LEVERAGING,44
DILIGENCE,44
SENDER,44
COCO,44
REHYPOTHECATION,44
MATTER,43
DOES,43
WERE,43
THREE,43
ALLOWING,43
DELIVERY,43
IMPORTANT,43
SHIFTING,43
RETURN,43
LOCAL,43
BEST,43
BENEFIT,43
SECTOR,42
SUBJECT,42
DESCRIPTION,42
PARTNER,42
CHALLENGE,42
MACHINES,42
SHARED,42
HTTP,42
MOVE,42
CORPORATION,42
VOTING,42
CLAIM,42
LIKE,41
PARTNERS,41
SINCE,41
MANAGE,41
BASE,41
PRICE,41
THIRD,41
VARIOUS,41
EXTERNALISATION,41
DISRUPTION,40
WORK,40
AVAILABLE,40
OFFICER,40
OUT,40
OFTEN,40
CHANNEL,40
CREATION,40
AUDIT,40
EVEN,40
HUMAN,40
BECOMES,40
NET,40
SOPHISTICATED,40
DRIVING,39
CONSUMERS,39
FACE,39
OWN,39
LIKELY,39
DEVELOPED,39
ENVIRONMENT,39
STANDARD,39
DRIVE,39
DFINDINGS,39
POLICIES,39
RP,39
BEYOND,38
GROWING,38
CANADA,38
SUCCESSFUL,38
LEVERAGE,38
STORED,38
HIGHLY,38
DECENTRALISED,38
CORPORATE,37
BUILDING,37
SIGNIFICANTLY,37
MERCHANT,37
LIABILITY,37
COLLECTION,37
FRAUD,37
CLEARING,37
EARLY,37
APPLICATIONS,37
USAGE,37
LOYALTY,37
INSURER,37
BOND,37
CURRENTLY,37
SERVICING,37
GOODS,37
INTERNATIONAL,36
STATES,36
ANY,36
WAS,36
FORM,36
ADJUDICATION,36
SECURE,36
GREATER,36
SAME,36
STRONG,36
QUANTITATIVE,36
SOURCE,36
FUNCTIONS,36
BONDS,36
TRADES,36
IDP,36
MANAGING,35
FORCES,35
HELP,35
CHOOSE,35
RECEIVE,35
LARGER,35
REVIEW,35
EFFORTS,35
FURTHER,35
INVEST,35
MEET,35
CHALLENGES,35
SMARTER,35
OPTIONS,35
COLLATERAL,35
CERTAIN,34
UNDER,34
MEANS,34
DETERMINE,34
BROADER,34
EVOLVE,34
THEREFORE,34
SHARING,34
MONITOR,34
EASILY,34
OFFERS,34
ADVANTAGES,34
LEGACY,34
DIFFICULT,34
FIRST,34
TRACK,34
LEVELS,34
PREFERENCES,34
TRANSPARENT,34
FINTECH,33
UK,33
YEARS,33
PROVIDER,33
ESPECIALLY,33
EXIST,33
KYC,33
MARGINS,33
EXPAND,33
POSITION,33
CHOICE,33
ANALYTICS,33
MEAN,33
NARRATIVE,33
CONSOLIDATION,33
COVERAGE,33
VIRTUAL,33
SECONDARY,33
PARTICIPATE,33
FLOW,33
PROVISIONING,33
REALTIME,33
PROVIDED,32
SECURITIES,32
OUTCOMES,32
PAY,32
SEGMENTS,32
BACK,32
IMPORTANCE,32
PARTICULARLY,32
AI,32
SIMILAR,32
LINES,32
ACCURATE,32
ALGORITHMIC,32
TAX,31
OPPORTUNITY,31
ECOSYSTEMS,31
TOTAL,31
CHANGING,31
REAL,31
RELATIONSHIP,31
RATES,31
CURRENCY,31
IMPROVING,31
RECORDS,31
RESPONSE,31
OPERATIONAL,31
WORTH,31
ACCURACY,31
STATEMENTS,31
TRIGGER,31
CORRESPONDENT,31
TRADERS,31
INVOLVED,30
PROFESSIONAL,30
OPERATING,30
UNDERSTAND,30
OVERVIEW,30
AWAY,30
ENTRY,30
THUS,30
INTRODUCTION,30
PROFITABILITY,30
SELL,30
POTENTIALLY,30
MONITORING,30
STREAMLINED,30
ENABLES,30
DATE,30
ASSESSMENT,29
WORKING,29
UNDERSTANDING,29
RANGE,29
GROW,29
POINT,29
CHOICES,29
GOVERNANCE,29
INSTEAD,29
STANDARDIZED,29
PAIN,29
ADOPT,29
PAINTS,29
VALUABLE,29
HEALTH,29
REQUIRES,29
PRIMARY,29
RELYING,29
ARRANGER,29
WHY,29
ACKNOWLEDGEMENTS,28
BASIS,28
SWIFT,28
POWER,28
INNOVATIVE,28
THEMSELVES,28
PROFIT,28
TOWARDS,28
QUICKLY,28
ADVANCED,28
EFFECTIVELY,28
DESIGNED,28
PROTECTION,28
TRENDS,28
SUFFICIENT,28
INITIATE,28
VERY,28
VOLUME,28
SYNDICATE,28
DECISION,27
FUND,27
FRAMEWORK,27
RELEVANT,27
MADE,27
MUCH,27
NATIONAL,27
SERVE,27
INTERNAL,27
PURCHASE,27
NEXT,27
SEAMLESS,27
DRIVEN,27
REMAIN,27
SELECTION,27
FINANCING,27
AFTER,27
EVENTS,27
BENEFICIARY,27
ISSUES,26
LLP,26
ANALYSES,26
RAPIDLY,26
RAPID,26
BARRIERS,26
SEVERAL,26
AUTOMATE,26
DIFFERENTIATE,26
AGGREGATION,26
PARTNERSHIP,26
EVOLUTION,26
CASHLESS,26
DISAGGREGATION,26
PRICING,26
OPERATIONS,26
PERFORM,26
ELECTRONIC,26
TRANSFORM,26
REQUEST,26
UNITED,25
RESPONSIBLE,25
MORGAN,25
LAUNCHED,25
STILL,25
TAKE,25
CONTEXT,25
SUCCESS,25
ORIGINATION,25
BECOMING,25
CONNECTIONS,25
PREVIOUSLY,25
ACCESSIBLE,25
FIND,25
ORGANIZATION,25
BUILT,25
COMMON,25
BIG,25
MILLION,25
MEANT,25
FREQUENCY,25
REMAINING,25
REPRESENT,25
INCREASES,25
BILLION,25
COMMUNITY,25
PRIVACY,25
RESULTING,25
FULL,25
TRANSFERRED,25
DOCUMENTS,25
SYNDICATED,25
CITIZENS,25
PARTICULAR,24
EXPERTISE,24
SENIOR,24
MEMBERS,24
OFFICE,24
RESEARCH,24
MANUFACTURERS,24
IDENTIFY,24
REPORTING,24
ENGAGEMENT,24
BALANCE,24
PRESSURES,24
SIGNS,24
LIMITING,24
DECREASE,24
COUNTRY,24
CREATES,24
POPULARITY,24
GOVERNMENTS,24
ECONOMY,24
LIMITS,24
ADVANTAGE,24
RESOURCES,24
SUPPLY,24
PERFORMANCE,24
EFFICIENT,24
BROKER,24
AFFLUENT,24
FACTORS,24
ERRORS,24
EXECUTED,24
INSUREE,24
STATEMENT,24
CAPACITY,23
RULES,23
BLOCKCHAIN,23
PROTOCOLS,23
RETURNS,23
EXPECTATIONS,23
IMPROVEMENTS,23
NOW,23
START,23
STORE,23
ADVISORY,23
INTERACT,23
EITHER,23
ECONOMIES,23
AMOUNT,23
PLAY,23
CONSUMER,23
AREAS,23
TRANSFERS,23
EXPERIENCES,23
ISSUERS,23
EFFECTIVE,23
INTEGRATION,23
SOPHISTICATION,23
ALGORITHMS,23
COMPLEX,23
THERE,23
ENSURING,23
ANOTHER,23
DURING,23
DECISIONS,23
RATHER,23
DEFAULT,23
WALLET,23
COMMODITISED,23
SAVERS,23
RATIO,23
ORGANIZATIONS,22
INTERVIEWS,22
OUR,22
DETAILED,22
LEADERS,22
JOHN,22
PORTFOLIO,22
WAYS,22
INNOVATORS,22
RATE,22
TECHNOLOGICAL,22
FUNCTION,22
ENGAGE,22
DISTRIBUTORS,22
MANUFACTURING,22
BEHAVIOUR,22
COUNTRIES,22
OCCUR,22
PATTERNS,22
PLAYING,22
FIVE,22
COMPREHENSIVE,22
CONNECT,22
INTERESTS,22
INSURTECHS,22
POPULATION,22
FLEXIBLE,22
INTEGRATED,22
ELIMINATING,22
CAPABILITY,22
DEFINED,22
NATURAL,22
INTERMEDIARY,22
INTEROPERABILITY,22
IMPORTER,22
IMPORT,22
SERIES,21
COLLABORATION,21
ACTION,21
REUTERS,21
SUCCESSFULLY,21
ESTABLISH,21
TECHS,21
STREAMLINE,21
CONNECTING,21
BRAND,21
PLACE,21
RETAILERS,21
SEEK,21
THROUGHOUT,21
DESIGN,21
PURPOSE,21
GIVEN,21
AMAZON,21
MATCH,21
LOOK,21
ONCE,21
EMERGED,21
INCOME,21
DEPENDING,21
DEGREE,21
GROUPS,21
LOSE,21
EXPOSURE,21
PARTICIPATION,21
KNOWLEDGE,21
OPERATOR,21
QUESTION,21
PROJECTS,21
FI,21
EXPORT,21
VOTES,21
CONSENT,21
INSIGHTS,20
LEADERSHIP,20
CONTACT,20
GUIDANCE,20
MASTERCARD,20
THOMSON,20
FOCUSED,20
ILLUSTRATE,20
HELD,20
DEPENDENT,20
CONNECTION,20
REACH,20
COLLECT,20
RELY,20
APPS,20
ACHIEVE,20
EXAMPLES,20
ADDITION,20
STORAGE,20
TIMES,20
WALLETS,20
LOSSES,20
HEDGE,20
CREATED,20
TELEMATICS,20
MARGIN,20
QUALITY,20
STICKINESS,20
SPEED,20
AGENCIES,20
CENTRALIZED,20
HISTORICAL,20
GENERATED,20
PROFILES,20
SUBMISSION,20
PERCENTAGE,20
PEERBASED,20
ADDRESS,19
ONGOING,19
CONSULTING,19
STAKEHOLDER,19
POSSIBLE,19
WORKSHOPS,19
ACQUIRE,19
BEHAVIOURS,19
ERROR,19
TRACKING,19
EUROPEAN,19
FEWER,19
DEVELOPING,19
FEATURES,19
ENFORCEMENT,19
INVESTING,19
AUSTRALIA,19
FEE,19
FIELD,19
TAILORED,19
AREA,19
TERM,19
TYPICALLY,19
MACHINE,19
METHODS,19
POOR,19
EMERGE,19
CONSIDERED,19
FACILITATES,19
CLASSES,19
STANDARDISED,19
HIGHRISK,19
CALCULATION,19
SEE,18
AFFECT,18
VISA,18
MICHAEL,18
CRISIS,18
REPORTS,18
PROLIFERATION,18
EXPANSION,18
WIDE,18
FINDINGSCONTEXT,18
LONGER,18
WHETHER,18
CAPTURE,18
VS,18
TARGET,18
PROPOSITION,18
JURISDICTIONS,18
EFINDINGS,18
SO,18
RECORD,18
ANDOR,18
MAJORITY,18
IE,18
AGREEMENT,18
EVENT,18
HOME,18
TYPES,18
GENERATION,18
EROSION,18
AGE,18
TRADITIONALLY,18
AGREEMENTS,18
ENABLED,18
CLIENT,18
DIFFERENTIATED,18
VOLATILITY,18
ASPECTS,18
CONDITION,18
ABOVE,18
RESULTS,18
BEHALF,18
DIMENSIONS,18
TOPIC,18
PERSONALISED,18
DECREASED,18
PLEDGED,18
CUSTOMS,18
ABSORPTION,18
DEPICTION,18
CAST,18
PART,17
ROB,17
PROPERTY,17
SHAPE,17
STRATEGIC,17
MANAGER,17
REPRESENTS,17
CLEAR,17
FULLY,17
ADAPT,17
IDENTIFIED,17
SETS,17
AGGREGATE,17
SCOPE,17
SUSTAINABLE,17
PARTICIPATING,17
VARIETY,17
COMPLEXITY,17
PROBLEMS,17
TAKEAWAYS,17
ACCEPTANCE,17
BACKGROUND,17
AVERAGE,17
GENERATE,17
ALTERNATIVES,17
HOLD,17
REWARDS,17
POLICY,17
INCENTIVES,17
SIZE,17
PREMIUMS,17
NATURE,17
ONBOARDING,17
SAFE,17
PROVEN,17
VERIFY,17
RATING,17
SEED,17
DISCOVERY,17
NEWS,17
EXPLORED,17
EMPOWERMENT,17
SPECIALISED,17
TERMS,17
ASSESS,17
ALIGNMENT,17
ELIMINATE,17
EXPORTER,17
ID,17
ACCRUE,17
DTTL,16
TAKING,16
R,16
OVERSIGHT,16
DEUTSCHE,16
PAUL,16
FOUR,16
EVERY,16
DEEP,16
DOMINANT,16
FLOWS,16
ARCHETYPES,16
ROLES,16
PROFITABLE,16
DECLINE,16
DISTRIBUTE,16
COMPETING,16
FORCE,16
CONFIRMATION,16
OFFERED,16
STRESS,16
SIMPLE,16
MIGHT,16
LEADS,16
LARGELY,16
REGIONAL,16
SUITED,16
UNCERTAIN,16
REFERENCES,16
RECENT,16
ALREADY,16
LIMIT,16
EXISTS,16
ISSUING,16
GET,16
PROFILE,16
CHEAPER,16
GOOD,16
ECONOMICS,16
CLOUD,16
UNCERTAINTY,16
GIVE,16
INTERACTION,16
ANALYSE,16
MAIL,16
ISSUED,16
REDUCES,16
CROWD,16
VENTURES,16
ACTIVITY,16
GRATITUDE,16
DELIVERED,16
CROSS,16
SHARES,16
RECIPIENT,16
ASSURANCE,16
TRANSACT,16
REGISTRY,16
LETTER,16
OBTAINED,16
AUTHENTICATE,16
FORWARD,15
RELATED,15
PLEASE,15
WEFORUMORG,15
M,15
LEADER,15
STANLEY,15
ANNUAL,15
OUTLOOK,15
NOTE,15
PAST,15
ENTER,15
APPLE,15
CHINA,15
SWITCH,15
MONETIZATION,15
EXTERNALIZATION,15
DRIVERS,15
OTHERS,15
SHOPPING,15
FREQUENTLY,15
NEEDED,15
PEOPLE,15
ACTIONS,15
FAILURE,15
REVENUES,15
DIVERSE,15
EUROPE,15
PATH,15
HOLDS,15
CURRENCIES,15
BITCOIN,15
RAISE,15
FOCUSING,15
FORBES,15
CONCERNS,15
FLEXIBILITY,15
CONVENIENCE,15
DIFFICULTY,15
CARS,15
UNDERSERVED,15
AGENT,15
NEWER,15
ACTIVE,15
CONSOLIDATED,15
OTC,15
REDUCTION,15
PRINCIPAL,15
CREDENTIALS,15
DISINTERMEDIATION,15
DIVERSIFIED,15
AML,15
LOWRISK,15
SEEDSTAGE,15
AD,15
INSPECTION,15
AUDITOR,15
VOTE,15
GALASKI,14
DAVID,14
BARCLAYS,14
TRANSFORMATIVE,14
EVOLUTIONARY,14
PATHS,14
BROAD,14
LAST,14
PARTS,14
WORKFORCE,14
UTILITIES,14
AUTHORITY,14
SEEKING,14
MIDDLE,14
SUITE,14
REQUIRING,14
INTERACTIONS,14
MOVING,14
CHALLENGING,14
HOUSE,14
GREATLY,14
CIRCA,14
FUNCTIONALITY,14
MARKETPLACES,14
DIFFER,14
STORES,14
FREE,14
APIS,14
SPENDING,14
AUTO,14
ACCURATELY,14
DAILY,14
VEHICLES,14
MATURITY,14
BEGIN,14
REPLACE,14
FUNDED,14
DIVERSIFICATION,14
CATEGORIES,14
LIABILITIES,14
FIXED,14
CLASS,14
BODY,14
PROOF,14
MINIMUM,14
CONTRIBUTED,14
PERSPECTIVES,14
ISSUANCE,14
FIAT,14
MECHANISMS,14
RELIABLE,14
COSTLY,14
REALLIFE,14
CONTINGENT,14
VALIDATION,14
ADJUSTER,14
SHIPMENT,14
STEERING,13
COMMITTEE,13
PUBLICATION,13
JESSE,13
MCWATERS,13
UBS,13
DEFINE,13
CONSIDER,13
ETC,13
FACILITATED,13
MET,13
RISING,13
UTILIZING,13
LOCATION,13
CATER,13
ADD,13
ACTS,13
USES,13
INTELLIGENCE,13
GUIDE,13
REMAINS,13
ADOPTED,13
INTEGRATE,13
PUSH,13
SALES,13
TOP,13
FX,13
FRAGMENTATION,13
GROWS,13
SPREAD,13
PRICES,13
BECAUSE,13
EMERGENCE,13
CHALLENGER,13
TRANSFERRING,13
THEN,13
UPSTREAM,13
BREACH,13
VIABLE,13
RIGHT,13
COMMISSION,13
NUMBERS,13
INSTRUMENTS,13
CONDUCTED,13
CONTINUOUSLY,13
ALPHABETICAL,13
ANDREW,13
UNIQUE,13
COFOUNDER,13
AUTOMATICALLY,13
DISCUSSED,13
PREDICTIONS,13
TRUTH,13
INTERMEDIATING,13
BEHAVIOURAL,13
INEFFICIENT,13
CONVERTIBLE,13
PARTICIPANT,13
VERIFIED,13
FILING,13
TUPAS,13
CONSISTENT,12
MULTISTAKEHOLDER,12
CHAIRMAN,12
INDEPENDENT,12
ACCOUNTING,12
BEFORE,12
ROBERT,12
PRESIDENT,12
HSBC,12
DTCC,12
PETER,12
VAN,12
MEETING,12
CHAINS,12
UPON,12
PHASE,12
SHAPING,12
GEOGRAPHIES,12
CYCLE,12
DIFFERENTIATION,12
POOLS,12
DOWN,12
PROTECT,12
SYSTEMIC,12
RE,12
PARTNERING,12
FEW,12
ADDING,12
IMPLEMENTING,12
COMPARED,12
ATTRACTIVE,12
FRAMEWORKS,12
UNCLEAR,12
RESOLUTION,12
E,12
PAYPAL,12
SELECT,12
LARGEST,12
ASIA,12
JOURNAL,12
APPLICATION,12
OPERATE,12
METHOD,12
GROWN,12
WORLDWIDE,12
PROGRAMMES,12
RECEIVED,12
AGGREGATED,12
DRIVER,12
BETS,12
TAKES,12
LINKED,12
LIFESTYLES,12
ERODE,12
TEST,12
PROGRAMME,12
ACQUISITION,12
MATCHING,12
UNABLE,12
EXPANDING,12
REGULATED,12
FORMATION,12
COMPELLING,12
UNDERBANKED,12
PROVE,12
EXPLORE,12
STAGE,12
BLOOMBERG,12
ADVISOR,12
PREVENT,12
STABILITY,12
MECHANISM,12
EXPRESSES,12
DISCOVER,12
STREAMLINING,12
REALISED,12
BENEFICIAL,12
MERCHANTSPAYMENT,12
CONCEPT,12
EXECUTE,12
PROVISION,12
STORING,12
INVOICE,12
TOKENIZED,12
CUSTODIANS,12
AUTHORIZATION,12
EXTENSIVE,11
INTRODUCED,11
TOUCHE,11
YOUR,11
YOU,11
CASUALTY,11
BLACKROCK,11
JP,11
STOCK,11
HAD,11
FOUNDATION,11
BLUEPRINT,11
INCLUDE,11
YORK,11
SIX,11
AGILITY,11
DIVERGING,11
CONTINUES,11
COMBINED,11
STANDARDIZE,11
SHIFTS,11
REINSURER,11
WAY,11
PROFITS,11
APP,11
STARTING,11
EMPLOYEES,11
ADOPTING,11
BUY,11
CONVERGENCE,11
SOLVE,11
UNDERLYING,11
EVOLVED,11
ACCEPT,11
GAP,11
UNION,11
WANT,11
DEMONSTRATE,11
DESPITE,11
REGARDING,11
EXCHANGES,11
TRUE,11
SUBSEQUENT,11
OWNED,11
MUTUAL,11
INITIAL,11
FAST,11
PUT,11
WILLING,11
DEVICE,11
HAVING,11
DECREASES,11
ATTRACT,11
DRIVES,11
THEFT,11
MAINTAIN,11
DEAL,11
PROBLEM,11
APPROACHES,11
APPROVAL,11
CREDITWORTHINESS,11
AVAILABILITY,11
APPROVED,11
LEARNING,11
CONDUCT,11
STANDARDIZATION,11
SEEDRS,11
ANGEL,11
INDUSTRIES,11
DEBT,11
CONFIDENCE,11
STRUCTURES,11
CHRIS,11
FOUNDER,11
NON,11
COMPUTING,11
PROTOCOL,11
ILLUSTRATIONS,11
MANAGED,11
NONFINANCIAL,11
MOVEMENT,11
MULTILINE,11
IDENTITIES,11
CONCIERGE,11
OBLIGATIONS,11
FINANCIALS,11
MANUALLY,11
INFORMATIONCONNECTION,11
TRANSACTING,11
BELOW,11
TESTS,11
SUBMIT,11
DISCRETIONARY,11
IDENTIFIER,11
INITIATIVE,10
FEEDBACK,10
THOUGHT,10
ALLIANZ,10
LLOYDS,10
SANTANDER,10
CHASE,10
BOB,10
INSTITUTE,10
STRUCTURED,10
EXTEND,10
USA,10
ALMOST,10
COMPETENCIES,10
THEREBY,10
DIFFERENTIATING,10
REGIONALIZATION,10
UTILITY,10
COMFORTABLE,10
COMPETITORS,10
COMMODITIZED,10
BOUGHT,10
FAIL,10
FRAGMENTED,10
CONSEQUENCES,10
CURATED,10
STREAMS,10
FOLLOW,10
IMPROVES,10
ISSUE,10
TOGETHER,10
FUNDAMENTALLY,10
INTERFACES,10
TOOL,10
TREND,10
LED,10
DECADE,10
IMPACTING,10
RESPOND,10
MIGRATE,10
PURCHASES,10
NEAR,10
SALE,10
EXPECT,10
LONG,10
LINK,10
IMPROVEMENT,10
SCHEME,10
EVER,10
SECOND,10
PAID,10
OFF,10
LIVES,10
STATISTICS,10
SERVES,10
FORCING,10
AFFINITY,10
CYBER,10
SENSORS,10
EFFORT,10
LIFESTYLE,10
MAKERS,10
EXCLUSIVE,10
MARKETING,10
DIFFERENTIATOR,10
SOFTWARE,10
BRANCH,10
OPENING,10
BUYING,10
TECHNIQUES,10
LENDER,10
APPROPRIATE,10
INSTABILITY,10
EXCESS,10
MAKES,10
DEEPER,10
AUTOMATING,10
INSIDE,10
POLITICAL,10
CONSOLIDATE,10
ADVISORS,10
CERTAINTY,10
ACCESSIBILITY,10
ALONG,10
GIANCARLO,10
ACTING,10
EASIER,10
THANKS,10
HOLDINGS,10
MATTHEW,10
CLUSTER,10
SEND,10
NATIVE,10
BASIC,10
INTENDED,10
REQUESTING,10
CENTRALISED,10
COMPLETED,10
SETTLE,10
REMITTANCE,10
PORTION,10
RESERVE,10
SELLING,10
EVALUATE,10
APPETITE,10
EXTERNALISED,10
OPERATION,10
UNANSWERED,10
FREIGHT,10
DOCUMENTATION,10
DATABASE,10
LAYER,10
SOCIETY,10
DIALOGUE,9
PERSON,9
ING,9
FAR,9
FUTURES,9
DEFINING,9
FAILED,9
FEBRUARY,9
STRUGGLE,9
GOOGLE,9
YET,9
DID,9
DISRUPT,9
COMMODITIZATION,9
ACCELERATE,9
DISTINCT,9
RECONCILIATION,9
BRIDGE,9
EASY,9
MOVEMENTS,9
PER,9
DAY,9
COLLECTED,9
EFFECT,9
OWNERS,9
RESOLVED,9
ENVIRONMENTS,9
LINE,9
ARTIFICIAL,9
AMERICA,9
MACQUARIE,9
BEHIND,9
BROADEN,9
TECHNICAL,9
DELIVERING,9
HALF,9
RAISED,9
LAUNCH,9
FACTOR,9
DECLINING,9
INTERCHANGE,9
ITSELF,9
ESTONIA,9
CONSIDERABLY,9
EMBRACE,9
ENCOURAGE,9
MAIN,9
ULTIMATELY,9
RECENTLY,9
TURN,9
CHARGE,9
RELATIVELY,9
GRANULAR,9
PURCHASING,9
OUTSIDE,9
SHEET,9
INSIDER,9
JOINT,9
MEDIA,9
BODIES,9
PREMIUM,9
AGENTS,9
SUPERIOR,9
WHITE,9
ALTERNATIVELY,9
SUIT,9
GAPS,9
DEPOSIT,9
DESIRE,9
FUNCTIONALITIES,9
ACTIVATED,9
CLOSELY,9
BIGGER,9
SUBPRIME,9
PROPRIETARY,9
ADVISERS,9
MONOLINE,9
SCHWAB,9
CASEY,9
ENHANCED,9
ROUNDS,9
ASSIST,9
LIQUID,9
COLLABORATE,9
ELECTRONIFICATION,9
TRANSACTIONAL,9
INNOVATE,9
ROBUST,9
TOM,9
SCOTT,9
AON,9
O,9
LIST,9
COMMUNICATIONS,9
EMPOWERED,9
HIGHVALUE,9
PRESENT,9
ELEMENTS,9
EXPOSED,9
REPUTATIONAL,9
GATHER,9
DESIRED,9
MASSINVESTORS,9
BUYER,9
IMMUTABLE,9
IDENTIFYING,9
TEMPLATES,9
SAFEKEEPING,9
ATTESTATIONS,9
ARCHETYPE,9
INCLUDED,8
LEGALLY,8
SEPARATE,8
JESSEMCWATERS,8
DELOITTECA,8
EXECUTIVES,8
DE,8
ENGAGED,8
PHONE,8
APRIL,8
DIRECTION,8
SUFFICIENTLY,8
THREAT,8
DEPLOY,8
REMOVING,8
BYPASS,8
KNOW,8
MINIMIZE,8
LOWERING,8
POOL,8
ENTIRE,8
AWARENESS,8
CONTROLS,8
FRONT,8
SPECIALIZED,8
SEGMENT,8
SECTORS,8
JUST,8
KINGDOM,8
CAPABLE,8
ENGAGING,8
MAINTAINED,8
MAINTAINING,8
TALENT,8
MEANING,8
RELIANCE,8
TARGETS,8
ABSENCE,8
CAPTURING,8
GIVING,8
COOPERATION,8
REDEFINE,8
ILLUSTRATIVE,8
PURPOSES,8
VISIBLE,8
FOREIGN,8
ENTIRELY,8
REVOLVING,8
T,8
EXPECTED,8
IMPLEMENTED,8
CONCERN,8
POSITIONED,8
PICTURES,8
ISSUER,8
ALLOWED,8
RETAIN,8
BESPOKE,8
FIT,8
CHALLENGED,8
SOLD,8
VEHICLE,8
COVERED,8
EDUCATION,8
MANDATE,8
MEASURE,8
DISCOUNTS,8
FORCED,8
DEVELOPMENTS,8
SERVED,8
COVER,8
UPDATE,8
SEAMLESSLY,8
STEPHEN,8
ANALYTICAL,8
PROLIFERATE,8
ACQUIRING,8
SENSITIVE,8
APPLIED,8
SECTIONS,8
FALL,8
SCALING,8
GUARANTEED,8
CHARLES,8
PREDEFINED,8
ENTREPRENEURS,8
VALUATIONS,8
ENSURES,8
GENERALLY,8
DISCLOSURE,8
CONVERGE,8
ACCESSED,8
SUPPORTS,8
BROKERS,8
CRYPTOGRAPHIC,8
STARTUPS,8
BRUNO,8
BILL,8
DAN,8
JAMES,8
NASDAQ,8
KEVIN,8
CONSENSYS,8
VP,8
CLUSTERS,8
ANALYSED,8
REPUTATION,8
ARBITRAGE,8
BILLS,8
ELIMINATES,8
LIMITATIONS,8
CONVERSION,8
DAYS,8
MANNER,8
INITIATED,8
READILY,8
TOWARD,8
RISKAVERSE,8
FINANCIALLY,8
RENEWALBINDING,8
INCORPORATE,8
RISKSEEKING,8
MINIMAL,8
IMPLEMENT,8
RECEIVING,8
ASSUMPTIONS,8
DOORS,8
AUSTRALIAN,8
SECUREKEY,8
TOKENS,8
VERSION,8
ACTORS,8
STANDARDIZING,8
CALCULATIONS,8
AUTHENTICATES,8
HIGHLIGHTS,8
SYNDICATION,8
LADING,8
GLEIF,8
ILLICIT,8
FEDERATED,8
FINLAND,8
DISCUSS,7
ADVISER,7
GENERAL,7
RELIES,7
AUTHOR,7
HARRIS,7
MAX,7
CONSUMED,7
IMPACTS,7
EVOLVING,7
PREVIOUS,7
ESTABLISHING,7
EXPLORATION,7
LONDON,7
SHORT,7
SETTING,7
SWITCHING,7
MATERIAL,7
STRUGGLED,7
PRIORITIES,7
HUMANS,7
EXPANDED,7
HANDLING,7
COMPLICATED,7
VANGUARD,7
STARTED,7
RECOMMENDATIONS,7
WEALTHFRONT,7
UNIVERSE,7
VENDORS,7
TARGETED,7
IMPERATIVE,7
TESTED,7
WEB,7
MATURE,7
DIFFERENCES,7
SLOW,7
OPPOSED,7
INFLUENCE,7
EXAMINES,7
OCCURRED,7
REACT,7
OVERCOME,7
CNBC,7
ADDED,7
VAST,7
WALL,7
STREET,7
PERSONALIZED,7
SECURELY,7
TAP,7
INTEGRATING,7
PRODUCTION,7
DRAMATICALLY,7
DELAYED,7
DEMANDS,7
INVESTED,7
ADEQUATE,7
GUIDELINES,7
LIKELIHOOD,7
FREQUENT,7
PROPOSITIONS,7
LEARN,7
CALLED,7
POST,7
DYNAMICS,7
BUREAU,7
ANALYSING,7
DISPARATE,7
MORTGAGE,7
SCALABLE,7
RECEIVABLE,7
RESOLVE,7
PLANS,7
CONTRIBUTION,7
ALLOCATION,7
INTELLIGENT,7
PLANNING,7
QUIRK,7
BROKERAGE,7
COMMODITY,7
STOCKS,7
ACCEPTED,7
CONVENIENT,7
PORTFOLIOS,7
NINE,7
VALIDATE,7
TRADED,7
EXIT,7
INPUT,7
JURISDICTION,7
PREDICT,7
DEPOSITORY,7
EFFICIENCIES,7
INCLUDES,7
LEE,7
DISCUSSIONS,7
HONG,7
KONG,7
DANIEL,7
COMMERZBANK,7
ALEX,7
RIPPLE,7
FUNDAPPS,7
CITI,7
HUB,7
FRICTION,7
INTENSIVE,7
PARALLEL,7
LONGTERM,7
ESSENTIAL,7
EVALUATION,7
TAILOR,7
METRICS,7
RESTRICTED,7
FORMAT,7
MODIFY,7
EARNED,7
FRAUDULENT,7
POS,7
IDENTIFICATION,7
OPTION,7
INVOLVE,7
INCLUSION,7
GOALS,7
LEANER,7
RECOGNITION,7
EXTREMELY,7
COMMITMENTS,7
GATHERED,7
TIMELY,7
CROSSSUBSIDISATION,7
WEATHER,7
INEFFICIENCY,7
ENTERPRISE,7
ORGANISATIONS,7
ULTRA,7
EXTERNALISE,7
MEDIUMSIZED,7
GREAT,7
FEEDS,7
DISCOVERED,7
FORMAL,7
ORDERS,7
SHAREHOLDER,7
REFERENCE,7
AGREED,7
REPOSITORY,7
CRITERIA,7
FEDERAL,7
CONFIRM,7
PROCEDURES,7
AUDITORS,7
AUTHORIZED,7
REHYPOTHECATED,7
CSD,7
POSITIONING,7
STOLEN,7
GUIDING,7
PRINCIPLES,7
NUMEROUS,6
ACADEMIA,6
HOLISTIC,6
OFFICIAL,6
REFERS,6
GUARANTEE,6
REFERRED,6
CONSULT,6
QUALIFIED,6
CLS,6
WILLIAM,6
BROWN,6
CLAIRE,6
PALATNICK,6
CVC,6
NICOLAS,6
DEPUTY,6
JULIUS,6
BAER,6
HUW,6
STEENIS,6
COLIN,6
RESHAPE,6
LAID,6
TAXONOMY,6
SIMULTANEOUSLY,6
UNCERTAINTIESCONTEXT,6
CONDUCTING,6
CHANGED,6
WILLINGNESS,6
STATIC,6
FACING,6
VULNERABLE,6
RACE,6
MINDSHARE,6
UBIQUITY,6
WISH,6
CONTINUALLY,6
ENOUGH,6
TEAMS,6
RELATIVE,6
COMMUNICATE,6
DEALING,6
SIZES,6
UBER,6
COLLISION,6
FRIENDLY,6
READING,6
ACCORDING,6
DIVERGE,6
VOLUMES,6
SLICE,6
LEGISLATION,6
EU,6
COUPLED,6
BEGUN,6
ANNOUNCED,6
CLUB,6
HIGHLIGHTING,6
F,6
AFRICA,6
DEMONETIZATION,6
DEBIT,6
ENFORCE,6
YEAR,6
UNTIL,6
REPLACEMENT,6
MESSAGING,6
COMPLY,6
STRUCTURAL,6
INSURE,6
TIED,6
REINSURERS,6
WHOLE,6
INSURTECH,6
TRANSFORMATIONAL,6
TARGETING,6
YOUNGER,6
COMFORT,6
VERIFICATION,6
SPACE,6
EXTREME,6
COMMUNICATION,6
FEEL,6
PROSUMERS,6
ACTIVELY,6
RUN,6
NARROW,6
STAFF,6
OUTSOURCE,6
RETIREMENT,6
BREACHES,6
PROGRAM,6
CLEARLY,6
CALL,6
SPEND,6
FULFILL,6
TEND,6
JOIN,6
BROADLY,6
SIDE,6
OPTIMIZE,6
FALLS,6
SUSTAINABILITY,6
INSUFFICIENT,6
CYCLES,6
INTERNET,6
INTERVENTION,6
COMPETITIVENESS,6
DIGITALLY,6
LICENCES,6
JUNE,6
ZOPA,6
EDGE,6
SCRUTINY,6
DIFFERENTIATORS,6
PROACTIVELY,6
EMPLOY,6
INFORM,6
EXTERNALIZED,6
PERIOD,6
KENSHO,6
EXPRESS,6
TOUCH,6
MARK,6
WISDOM,6
SCALABILITY,6
CAPITALISTS,6
UNLIKE,6
VALUATION,6
MEANINGFUL,6
SME,6
ACCESSING,6
CHRISTIAN,6
SUITABLE,6
WIDESPREAD,6
QUARTERLY,6
MEDIUM,6
SPECIAL,6
CHRISTINE,6
COMMONWEALTH,6
AG,6
KIM,6
LEI,6
JEFF,6
VICE,6
FACILITATION,6
CONTINUOUS,6
INSIGHT,6
DISTRIBUTING,6
VENDOR,6
CARRY,6
FACILITATING,6
GATHERING,6
DISPLACEMENT,6
WIDELY,6
MAINTAINS,6
BORROWING,6
PROMOTE,6
DENOMINATED,6
OPERATORS,6
ACHIEVING,6
MEGA,6
SPECIALTY,6
PERCEIVE,6
GAINS,6
INDIVIDUALISED,6
SITUATIONS,6
BURDEN,6
REFINE,6
BOUNDARIES,6
PERSONALISATION,6
DETERMINED,6
PROTECTED,6
FUNCTIONAL,6
INDEPENDENTLY,6
EMPOWERING,6
FIELDS,6
INVOLVEMENT,6
SOURCING,6
CHANCE,6
COMMODITISE,6
TOLERANCE,6
PROJECTIONS,6
MARKETDATA,6
SELLER,6
COMPLETION,6
EXPLORES,6
GSMA,6
CONSIDERATIONS,6
METHODOLOGY,6
DISPUTES,6
LETTERS,6
READ,6
VERIFIES,6
CLOSING,6
PLUS,6
OFFICIALS,6
AUDITING,6
PAYABLE,6
STUDY,6
CCPS,6
UPTAKE,6
REMEDIATION,6
CONFIGURATION,6
COMPLETING,6
LOREM,6
IPSUM,6
CITIZEN,6
MISSION,5
APPLYING,5
OUTREACH,5
PROFESSIONALS,5
WORKSHOP,5
ENCOURAGING,5
COLLABORATIVE,5
PERSPECTIVE,5
PATIENT,5
WHOSE,5
FOURTH,5
TOHMATSU,5
RGALASKI,5
CREDITEASE,5
JASON,5
XL,5
CRAIG,5
HASTINGS,5
DOROTHY,5
HILLENIUS,5
VICTOR,5
NEIL,5
JUSTIN,5
RUTLAND,5
SKOWRONSKI,5
PROVISIONED,5
LATER,5
PRESENTS,5
PIONEERED,5
DECADES,5
DISRUPTED,5
EXPLORING,5
DECEMBER,5
EMPOWERS,5
RELEASE,5
DOCUMENT,5
DEFINITION,5
FINAL,5
IDEAS,5
MONTHS,5
PIVOTAL,5
JANUARY,5
HUBS,5
PACE,5
CRUCIAL,5
BARS,5
TURNED,5
ALTHOUGH,5
ACCELERATING,5
ACQUISITIONS,5
BASES,5
REGIONS,5
OWNER,5
AVOID,5
CONSTRUCTION,5
MIGRATING,5
MUNICH,5
ETFS,5
UNIONS,5
DIRECTIVE,5
REACHING,5
DERIVE,5
CONSISTENCY,5
GRADUALLY,5
RBC,5
PLACED,5
SOLELY,5
OTHERWISE,5
PREDICTIVE,5
MIX,5
COGNITIVE,5
AYASDI,5
TESTING,5
MIT,5
FT,5
COMING,5
LOSING,5
DIFFERING,5
INCREMENTAL,5
INTRODUCE,5
OWNS,5
STRENGTHEN,5
MITIGATE,5
SAW,5
FUNDAMENTAL,5
EXPERIENCING,5
INTENSE,5
DOMINANCE,5
ACTUAL,5
PRIME,5
WIRE,5
EARN,5
ERODING,5
TRANSFERWISE,5
SCORES,5
FORMS,5
WHEREAS,5
REGION,5
INDIA,5
VARYING,5
TYPE,5
ORIGINAL,5
RULE,5
PASSWORDS,5
GRADUAL,5
INHERENT,5
HAND,5
MINIMIZING,5
ADDITIONALLY,5
REACHED,5
DEPLOYED,5
PREVENTS,5
DEEPLY,5
PRESENTING,5
NEGOTIATING,5
GO,5
DEPLOYMENT,5
MODULARITY,5
TRANSFORMATION,5
CARRIER,5
CHOOSING,5
INTERNALLY,5
AIRBNB,5
PARTNERED,5
DEMANDING,5
WEAK,5
CHECK,5
SIMPLER,5
DEMOGRAPHICS,5
PREVENTION,5
OFFSET,5
INTERNATIONALLY,5
CLOSED,5
NEST,5
EY,5
GOING,5
PROACTIVE,5
BATTLE,5
APPEAR,5
APPEAL,5
ADVANCEMENTS,5
POPULAR,5
SOUTH,5
STAY,5
EFFICIENTLY,5
GAINING,5
ACHIEVED,5
COMPLEMENT,5
API,5
FIRM,5
RELIABILITY,5
LAYERS,5
PR,5
MAINTENANCE,5
ZERO,5
BRANCHES,5
CONTROLLED,5
BREED,5
LEAN,5
EFFECTIVENESS,5
LOST,5
MINUTES,5
BORROWER,5
EMBED,5
REQUESTS,5
CONSORTIUM,5
DIVERSIFY,5
ARISE,5
INTRODUCES,5
FIDUCIARY,5
STATUS,5
EXCELLENCE,5
LANGUAGE,5
PASSIVE,5
CONTINUING,5
AMBITIOUS,5
OUTCOME,5
DELIVERS,5
ACCELERATES,5
FUNDRAISING,5
DISCLOSURES,5
DEALS,5
ANGELLIST,5
TAKEN,5
GLOBALLY,5
PERFORMED,5
EMPOWER,5
CROWDFUNDED,5
SIMPLICITY,5
WIDER,5
CROWDCUBE,5
NEVER,5
ENTERPRISES,5
INTERMEDIATION,5
PROMISE,5
ADJUST,5
OLD,5
ELIMINATION,5
PROMISING,5
FACILITIES,5
ALGOMI,5
ENHANCE,5
FREED,5
INTUITIVE,5
ANDRE,5
RICHARD,5
BMO,5
INCUBATOR,5
JAN,5
MIKE,5
CHARTERED,5
PAGES,5
ERIC,5
INPERSON,5
GREATEST,5
FULLSERVICE,5
DISAGGREGATED,5
SPECIALISE,5
ERODED,5
ORGANISATIONAL,5
ENDTOEND,5
DATADRIVEN,5
PERCENT,5
ACQUIRER,5
BIOMETRICS,5
CODE,5
OPTIMISE,5
CHECKOUT,5
OPTIMAL,5
RETENTION,5
GATEWAY,5
TASKS,5
CRYPTOCURRENCY,5
MPESA,5
INITIATES,5
PRONE,5
DISAGGREGATE,5
COSTEFFECTIVE,5
CLOSER,5
SURROUNDING,5
ALIGNED,5
QUOTING,5
INDICATORS,5
BINDING,5
EXPERIENCED,5
STEAL,5
ONBOARD,5
ORIGINATIONS,5
SUSCEPTIBLE,5
AUTHORITIES,5
RESPONDING,5
ASSUME,5
ELIGIBLE,5
MID,5
PREDETERMINED,5
EQUITIES,5
INEFFECTIVE,5
COUPON,5
RELATIONSHIPBASED,5
EXPERT,5
SITUATION,5
CONSTRAINTS,5
HYPOTHESES,5
EXTRACTION,5
DRAW,5
INCORPORATING,5
EXECUTING,5
MARKETMAKING,5
BILLIONS,5
LEVELLING,5
STABILISING,5
INFORMED,5
FOUNDATIONAL,5
INITIATIVES,5
CORPORATIONS,5
EXAMINATION,5
PROVENANCE,5
IMPLEMENTATIONS,5
LEDGERS,5
TOKENIZATION,5
INVOLVING,5
VIABILITY,5
NAME,5
SUSPICIOUS,5
AMLKYC,5
ADHERENCE,5
PERFORMS,5
NOTIFIED,5
VERACITY,5
VERIFYING,5
PRECEDENT,5
LINKING,5
RECEIPT,5
REQUESTED,5
SHIPPED,5
REVIEWS,5
NOTIFICATION,5
PRIOR,5
RELEASED,5
PORTAL,5
POSSESSION,5
INACCURATE,5
CHEKK,5
CULTURAL,5
QUERIES,5
AUTHENTICATING,5
AADHAAR,5
REGISTRIES,5
LOGINS,5
NEMID,5
CONFIGURING,5
ABANDONMENT,5
PREPARED,4
AUGUST,4
SESSIONS,4
ENRICHED,4
CONTRIBUTIONS,4
PLAYED,4
INVALUABLE,4
INDUSTRIAL,4
REVOLUTION,4
GRATEFUL,4
GENEROUS,4
COMMITMENT,4
WWWDELOITTECOMABOUT,4
SUBSIDIARIES,4
ATTEST,4
CONTAINS,4
RENDERING,4
NOR,4
SHALL,4
SUSTAINED,4
PUTH,4
SHEEDY,4
RELATIONS,4
WEMMER,4
HARTE,4
BOARD,4
ANN,4
FLINT,4
ACKNOWLEDGE,4
HELPED,4
CHRISTOF,4
EDEL,4
MATARRANZ,4
MUMM,4
NEUKIRCHEN,4
ARCHITECT,4
PINKHAM,4
REANY,4
TEICHHOLTZ,4
PINE,4
RIVER,4
VANDENREYDT,4
INNOTRIBE,4
NEARLY,4
CONSIDERING,4
DIVES,4
CAPTURED,4
AFFECTED,4
ANSWER,4
SWITZERLAND,4
MARCH,4
BAR,4
MATERIALLY,4
SERIOUS,4
REPLICATE,4
PURE,4
MONETARY,4
PRESERVE,4
TURNING,4
ENORMOUS,4
PERMISSIONS,4
SIMPLIFY,4
POSITIONS,4
DISINTERMEDIATE,4
CONTROLLING,4
DEPEND,4
NICHES,4
AGGREGATING,4
COMPARABILITY,4
FAVOUR,4
BALANCING,4
NATURALLY,4
SUITABILITY,4
DESIGNING,4
UTILIZE,4
DECIDE,4
COLLECTING,4
ALONE,4
COME,4
FORMING,4
LITTLE,4
REST,4
HELPING,4
TRILLION,4
CHINESE,4
COMPETITOR,4
IMPETUS,4
DIVERGENT,4
INDUSTRYS,4
DISCUSSION,4
JPMORGAN,4
ORGANIZED,4
REFER,4
MIGRATION,4
COMMERCE,4
FRICTIONLESS,4
TECHNOLOGICALLY,4
CAUSING,4
PASSED,4
ORIGINALLY,4
CONVERTED,4
MODERN,4
MARGINAL,4
UBIQUITOUS,4
TIMELINE,4
DEMONSTRATED,4
SIMPLY,4
NEGATIVE,4
ROSE,4
DECREASING,4
BACKED,4
CONVINCE,4
RAIL,4
REGULATE,4
JUSTIFY,4
EFFECTS,4
SUFFER,4
STREAM,4
ALIGN,4
CUSTOMIZED,4
NASCENT,4
FURTHERMORE,4
ACCORDINGLY,4
COMPARISON,4
AL,4
FACED,4
CLIFE,4
RESPONSIBILITY,4
TESLA,4
ROLLED,4
SAFETY,4
EXTENT,4
CONSUMPTION,4
LOCATIONS,4
COVERAGES,4
BLURRING,4
PROSUMER,4
MODULAR,4
SERVING,4
MEDICAL,4
CHURCHES,4
YAHOO,4
RISES,4
ASSISTANTS,4
HANCOCK,4
VITALITY,4
OPT,4
INCONSISTENT,4
SELECTING,4
OUTSOURCED,4
PURSUE,4
KEEP,4
LOOKING,4
AGGRESSIVELY,4
OBJECTIVES,4
STARTUP,4
BRINGS,4
CAR,4
ARCHITECTURE,4
THOUGH,4
UNDERSTOOD,4
AMERICAN,4
ATM,4
HEAVILY,4
INEFFICIENCIES,4
BBVA,4
CENTRES,4
NEWSWIRE,4
APPEALING,4
COMPONENT,4
DESIRABLE,4
SLOWLY,4
NETHERLANDS,4
IMPACTED,4
LIGHT,4
CUT,4
PROPERLY,4
RAISES,4
FORGE,4
REAP,4
JOURNEY,4
STAGES,4
GLOBE,4
DISRUPTING,4
ADJUSTMENTS,4
METHODOLOGIES,4
LENDUP,4
SCORING,4
DEMONSTRATING,4
MOMENTS,4
UNDERWRITE,4
TRADESHIFT,4
PERCEIVED,4
INITIALLY,4
NORMALIZED,4
BPS,4
OCCURS,4
CONSIDERABLE,4
GRANULARITY,4
AGGREGATORS,4
UNLESS,4
COURSE,4
TRULY,4
INVESTOPEDIA,4
LEAST,4
DISCOUNT,4
INDEX,4
PLAN,4
PICK,4
DEVELOPS,4
BREAKING,4
SYNTHESIS,4
PRACTICES,4
STRONGER,4
UNITS,4
SUBSTANTIALLY,4
JULY,4
EXITS,4
WISE,4
DELAY,4
RESULTED,4
TOO,4
SYNDICATEROOM,4
TELEGRAPH,4
ICAPITAL,4
YIELD,4
GRANTS,4
INTERESTED,4
IMPACTFUL,4
PRACTICE,4
REGIONALLY,4
UNLOCK,4
SECURING,4
BÃ–RSE,4
ACCOUNTED,4
DATABASES,4
WINNING,4
VENUES,4
MATCHES,4
SEFS,4
MOVES,4
SEC,4
WILSON,4
AIG,4
UNIVERSITY,4
SMITH,4
ROUNDTABLE,4
CONTRIBUTING,4
FRANCIS,4
HAMILTON,4
WESTERN,4
TD,4
HWAN,4
JOEL,4
MARC,4
MCDONALD,4
SINGH,4
GRANT,4
GIANCARLOBRUNO,4
EXTENDED,4
DISRUPTORS,4
DISAGGREGATING,4
ANNA,4
AFFAIRS,4
ASSOCIATION,4
JEREMY,4
CIRCLE,4
NICK,4
DAVIS,4
IAN,4
ANCHOR,4
COUNCIL,4
LO,4
GAMMA,4
NOVUS,4
SIMON,4
DON,4
DIMINISH,4
BILLING,4
RADICALLY,4
SELFDRIVING,4
INTENSIFIED,4
RICHER,4
SKILL,4
PREVENTING,4
INTENSIFY,4
STEPS,4
MODULES,4
MEASURES,4
VALUEADD,4
LOCATIONBASED,4
AIMS,4
EFFORTLESS,4
PROCESSED,4
BALANCES,4
CONSCIOUS,4
STEP,4
WEARABLE,4
IMPOSE,4
CATALYST,4
UTILISE,4
EMAIL,4
NOTABLE,4
FAILURES,4
LOWCOST,4
INSTANT,4
RECIPIENTS,4
COMPLEMENTS,4
AUTONOMOUS,4
COMMODITISING,4
SECURITISATION,4
MGMT,4
COMPARE,4
PROPERTIES,4
SAFER,4
COMMODITISATION,4
REPLICATED,4
ADVERSE,4
ILLNESS,4
CONCENTRATION,4
REACTING,4
RELATIONSHIPDRIVEN,4
HOMES,4
FULLER,4
UTILISING,4
SUBMITTED,4
RENEWAL,4
PREDICTED,4
EMPIRICAL,4
INCENTIVISE,4
UTILISATION,4
CIRCUMSTANCES,4
INSURED,4
EXCLUDED,4
LEVERAGES,4
DELAYING,4
REGARDLESS,4
AVERSE,4
SPECTRUM,4
COMPLEMENTING,4
EXCEL,4
VALUEADDS,4
EMBEDDING,4
TAKINGDISTRIBUTION,4
EXTENDING,4
SOLIDIFY,4
PARAMETERS,4
INDIRECTLY,4
MIDMARKET,4
LATERSTAGE,4
RESIDENTS,4
INCURRED,4
ORGANISATION,4
OPINIONS,4
THRESHOLD,4
REVAMPING,4
HARVESTING,4
X,4
WEALTHMANAGERS,4
OPINION,4
ACCOUNTABILITIES,4
SUBOPTIMAL,4
LAUNDERING,4
UPDATES,4
UPDATING,4
MODELLING,4
ERRONEOUS,4
REDEFINED,4
SPECIALISATION,4
CONTINUITY,4
CLARITY,4
TOPICS,4
REVERTING,4
TACTICS,4
FUNDOFFUNDS,4
RESILIENCE,4
DIRECTORS,4
FS,4
HIGHLIGHT,4
ORTHODOXIES,4
FULFIL,4
DISINTERMEDIATES,4
ES,4
BOOKS,4
IMPOSSIBLE,4
STRENGTH,4
COMPONENTS,4
DISBURSEMENT,4
NOTIFICATIONS,4
EMBEDDED,4
AGENCY,4
APPROVALLOSS,4
UPDATED,4
EXPOSE,4
RATIOS,4
PERTINENT,4
TERMSDELIVER,4
FACTORING,4
OPERATES,4
INABILITY,4
DETERMINING,4
ABSORPTIONMONITORING,4
YES,4
NG,4
COMPARING,4
AMBIGUITY,4
REPRESENTATIVES,4
EXCEPTIONS,4
FILINGS,4
CASTING,4
NOTICE,4
BROKERDEALER,4
ATTEMPTING,4
COUNTERPARTIESTHREE,4
CSDS,4
SERVICINGCLEARING,4
CLARIENT,4
HEALTHCARE,4
OVEREXPOSURE,4
DAMAGE,4
USERNAME,4
STACK,4
BIRTH,4
ASSIGNED,4
PITFALLS,4
INTERCONNECTION,4
COMMUNICATED,4
ENDPOINTS,4
PASSWORD,4
LOA,4
AUTHENTICATED,4
LOG,4
DIGID,4
FINNISH,4
LEIS,4
MONETIZE,4
AIRE,4
WWWDELOITTECOMUSABOUT,3
SUBSTITUTE,3
FOREWORD,3
ANJU,3
PATWARDHAN,3
DIETER,3
AXEL,3
LEHMANN,3
CONTRI,3
CAIRNS,3
JOSH,3
THOMAS,3
AMERICAS,3
LENA,3
PHD,3
SVP,3
EVP,3
CLOSE,3
REFLECT,3
TRIGGERED,3
TRANSFORMING,3
CONTENTS,3
RESHAPING,3
BUILDS,3
GAINED,3
EXISTENCE,3
GOAL,3
SHIFTED,3
ENTERING,3
TRACTION,3
DEPLOYING,3
GROUNDS,3
REDISTRIBUTION,3
SYSTEMICALLY,3
RESEMBLE,3
BIONIC,3
DUPLICATING,3
SINGAPORE,3
OFFICES,3
PIECE,3
TREATED,3
LOWERS,3
BYPASSING,3
BETTERMENT,3
STRIPE,3
REVISED,3
THREATENS,3
MANDATING,3
DISTRIBUTOR,3
PASS,3
PAGE,3
COMPARABLE,3
CONSOLIDATES,3
CONTRAST,3
GUARD,3
HERE,3
PENSIONS,3
COMPLEMENTARY,3
DEPTH,3
BREADTH,3
FACEBOOK,3
COLLECTIVE,3
LAUNCHING,3
ANSWERS,3
CULTURE,3
COMPLIANT,3
UNLOCKING,3
AWS,3
SUGGESTS,3
INTERACTING,3
FALLING,3
PRESENCE,3
ALIPAY,3
VERTICALS,3
ACH,3
CULTIVATE,3
GROUND,3
LOCALIZED,3
AHEAD,3
DIVE,3
MOMENT,3
DISTINCTIONS,3
EXCEEDED,3
PHONES,3
REPRESENTED,3
SLOWED,3
LOWEST,3
BLACK,3
SPECIFICALLY,3
HONOUR,3
REVOLVERS,3
GERMANY,3
ER,3
BENEFITTED,3
SUPPORTED,3
ELUSIVE,3
INDIAN,3
EMV,3
CHIP,3
THEMES,3
INITIATION,3
CATEGORY,3
RELUCTANT,3
TIM,3
PICTURE,3
DOMESTIC,3
HANDLE,3
HACKED,3
RECOVER,3
MODERNIZATION,3
SEEING,3
ENTRENCHED,3
LAW,3
BARGAINING,3
ONES,3
HARD,3
FIGHT,3
INDIVIDUALLY,3
HABITS,3
PREFER,3
AMERICANS,3
HACK,3
APPLICABLE,3
COMBINATIONS,3
THREATENING,3
REINVENT,3
PROLIFERATING,3
RISKING,3
CANNIBALIZATION,3
ILS,3
LIFETIME,3
VARIES,3
SWISS,3
ASSESSED,3
DOING,3
LADDER,3
NERDWALLET,3
HOMOGENIZATION,3
PUSHED,3
FLATLINED,3
MARSH,3
GUY,3
CARPENTER,3
SYMANTEC,3
RISEN,3
MOREOVER,3
LOCALES,3
ADVANCES,3
VARIABLE,3
LIBERTY,3
SAVE,3
CUSTOMIZABLE,3
LABEL,3
BIFURCATION,3
CEASES,3
PAYING,3
SPECIALIZE,3
COMES,3
MISSING,3
STAND,3
FOSTER,3
BORDERS,3
ADJACENT,3
SEEMINGLY,3
EXPANDS,3
LABS,3
FELT,3
MOVED,3
MOMENTUM,3
DEVELOPERS,3
PUBLICLY,3
ABSENT,3
STRONGLY,3
IMMEDIATE,3
WELLS,3
FARGO,3
INTUIT,3
VENMO,3
BOSTON,3
LANGUAGES,3
MX,3
AIM,3
ATMS,3
ERA,3
DIGITIZATION,3
TRYING,3
FILL,3
HANDLED,3
AGILE,3
PIECES,3
SUITS,3
CONSISTENTLY,3
BENEFITTING,3
LIABLE,3
WORTHINESS,3
POISED,3
BRING,3
DISADVANTAGE,3
ADJUDICATING,3
SILOED,3
CONSTRAINED,3
ZESTFINANCE,3
ASSISTS,3
SEARCH,3
EXPENSIVE,3
LATENCY,3
ONDECK,3
SCORE,3
EXACT,3
PLAYER,3
CONNECTS,3
RELIED,3
UNSTABLE,3
PROSPER,3
BLURS,3
ORIGINATE,3
ATTEMPTS,3
REGULAR,3
EXPENSES,3
APART,3
BRINGING,3
EMPLOYERS,3
BURDENS,3
UNINTENDED,3
ACCUSTOMED,3
EXHIBIT,3
ETF,3
DERIVED,3
ROBINHOOD,3
QUANTOPIAN,3
ALPHA,3
PRIMARILY,3
CHARGING,3
ATTRACTED,3
BETA,3
MACRO,3
ADMINISTRATIVE,3
QUICK,3
FUTUREADVISOR,3
COMPOSITION,3
MIND,3
HOLDING,3
CORRESPONDING,3
THREATS,3
DEEPEN,3
CYBERSECURITY,3
DISCONNECTED,3
ENTREPRENEURSHIP,3
ACCREDITED,3
PROMINENT,3
RESPECT,3
CERTIFY,3
SEEN,3
PERFORMING,3
BREWDOG,3
CAMPAIGN,3
PRICED,3
SUSTAIN,3
SHOOTING,3
STAR,3
SOCIALLY,3
CAUSES,3
BAD,3
RARELY,3
SWAPS,3
MIFID,3
TRUMID,3
YOUNG,3
FACILITY,3
BA,3
CALLING,3
GEOPOLITICAL,3
FORMED,3
CONFERENCE,3
FRANK,3
EXCESSIVE,3
PIVOT,3
KNOWN,3
IBM,3
ORACLE,3
EN,3
BENEFITING,3
TRACING,3
SCIENCE,3
CONSTITUENTS,3
INFRASTRUCTURES,3
CONSTANTLY,3
DEPOSITORIES,3
ADMINISTRATION,3
ZHANG,3
ABEL,3
ROBSON,3
SAM,3
SEAN,3
ANDY,3
ANDREWS,3
RACHEL,3
BLAKE,3
BOUCHARD,3
CALMEJANE,3
FARM,3
LP,3
FEICHTINGER,3
JENNIFER,3
JOE,3
GUASTELLA,3
CATHERINE,3
JON,3
CHUCK,3
HOUNSELL,3
IYER,3
JONES,3
ADAM,3
KIMERLING,3
LAMBERT,3
LARSEN,3
LYNN,3
TODD,3
MERRILL,3
ORIGIN,3
QUAN,3
CFPB,3
BETH,3
SHAH,3
GREG,3
PHILIPP,3
DER,3
DREXLER,3
INTERACTIVE,3
SINCERE,3
MENTORS,3
COLLECTIVELY,3
TABLE,3
JOANNA,3
OLIVER,3
EWING,3
LEVIN,3
CONNELL,3
KOSTA,3
PERIC,3
MELINDA,3
GATES,3
PRUDENTIAL,3
FABIEN,3
CTO,3
LLOYD,3
SARAH,3
HYPERION,3
NORTH,3
JONATHAN,3
MATT,3
BRIAN,3
EMEA,3
LIQUITY,3
CO,3
SEP,3
OCT,3
DEC,3
DAVOS,3
OFFICERS,3
DIVIDED,3
SUMMARIZED,3
PERSONALISE,3
STANDALONE,3
CROSSSUBSIDISE,3
WIDENING,3
QUICKER,3
DECLINES,3
INTEGRITY,3
DERIVATIVE,3
TANGIBLE,3
MACHINETOMACHINE,3
LEAVING,3
POINTOFSALE,3
SPLINTERING,3
RATIONALE,3
INHIBITING,3
EXCHANGED,3
PROTECTS,3
DELAYS,3
CLICK,3
ELECT,3
MAXIMISE,3
TIMECONSUMING,3
EXERT,3
REPLACED,3
CREDITS,3
HOUSES,3
SENDING,3
SENT,3
INTERBANK,3
SPECIFIED,3
SECURED,3
ENCRYPTION,3
ANONYMITY,3
GEOGRAPHICAL,3
BORDERLESS,3
CONSUME,3
FINANCES,3
POSSIBILITY,3
ALTERATIVE,3
CONSORTIUMS,3
MINIMISE,3
ACTUARIAL,3
STATISTICAL,3
MEASURABLE,3
ADVENT,3
CATASTROPHIC,3
MANDATED,3
OVERTHECOUNTER,3
REINSURANCE,3
HOMOGENISED,3
ADJUSTED,3
ANTITRUST,3
LOWERED,3
BUNDLING,3
RESIDENCE,3
BENCHMARKING,3
SCAN,3
REGIMES,3
AGAIN,3
ACCIDENTS,3
ACCELERATION,3
INSTALLED,3
QUANTIFY,3
COORDINATION,3
UTILIZATION,3
UW,3
CUSTOMISED,3
AVOIDING,3
HOLDERS,3
REJECTION,3
INCORRECT,3
LIFECYCLE,3
FEASIBLE,3
CONTRACTUAL,3
FILE,3
OBTAINING,3
OVERHEAD,3
CONFLICT,3
AMP,3
LEAKAGE,3
MANIFESTED,3
TELEPHONE,3
VOICE,3
STANDARDISE,3
INHOUSE,3
TOUCHPOINTS,3
RESPECTIVE,3
INVOLVES,3
MOTIVES,3
ENERGY,3
POSE,3
STRUCTURING,3
IMBALANCE,3
SELLSIDE,3
ANALYSTS,3
PLATFORMSFACILITATOR,3
MAINLY,3
FACILITATOR,3
PLATFORMSFACILITATORINTERMEDIARIES,3
PENSION,3
CAPITALS,3
FOSTERING,3
CIVIC,3
HURDLES,3
SUFFERED,3
CATERED,3
REGISTERED,3
AUTOMATES,3
DISRUPTIONS,3
HNW,3
AMPLIFY,3
AUTOMATIC,3
ROOM,3
CONSTRUCTING,3
MONITORED,3
PERIODIC,3
RESTRICTIONS,3
STANDARDISATION,3
SPENT,3
INTERPRETATION,3
INFER,3
DISCONTENT,3
EST,3
SENTIMENT,3
READABLE,3
REACTS,3
PREDICTS,3
VIEWS,3
ELIMINATED,3
UNFAIR,3
VALIDITY,3
SELLERSINTERMEDIARIES,3
FACT,3
STANDING,3
SHAREHOLDERS,3
KEITH,3
ENGLAND,3
LAB,3
TREASURY,3
TELSTRA,3
JO,3
DAON,3
WILLIAMSON,3
COMMONLY,3
SOLICITED,3
ENABLER,3
CODIFIED,3
TE,3
OC,3
OBSERVATIONS,3
CONSIDERATION,3
ALIGNING,3
SILOS,3
IMMUTABILITY,3
REQUIREMENT,3
FEAR,3
ASYMMETRY,3
OPACITY,3
HEDGING,3
TOKENIZE,3
ASSESSMENTS,3
LEGALITY,3
SELECTED,3
SUMMARIES,3
COMPROMISED,3
UTILIZED,3
MILLIONS,3
ARRANGEMENT,3
ALICE,3
TOKENIZING,3
SOLICITING,3
COLLABORATING,3
ACCOUNTANT,3
NOSTRO,3
TEMPLATE,3
CONSENSUS,3
COMPROMISE,3
SUPERVISORY,3
CALCULATE,3
SOLICITS,3
EXPORTERS,3
SIGNATURE,3
DOUBLE,3
INSTRUMENT,3
CONVERT,3
DETERMINES,3
HOC,3
ACTIVATION,3
CCAR,3
AMBIGUOUS,3
SYSTEMATIC,3
MANAGES,3
CCP,3
SIMULTANEOUS,3
KANTARA,3
DENMARK,3
SCHILTZ,3
CONFIGURATIONS,3
PRIMER,3
REPEATED,3
REPOSITORIES,3
INTERCONNECTED,3
AVOIDANCE,3
STRETCH,3
MANIFEST,3
I,3
PROVING,3
CUMBERSOME,3
DISCRETE,3
FINGERPRINT,3
ATTESTATION,3
CREDENTIAL,3
PASSPORT,3
LEGITIMATE,3
PERMISSION,3
DENY,3
USERNAMES,3
GOVERNING,3
SWEDEN,3
EID,3
LOGIN,3
ESTONIAN,3
TAILORING,3
UIDAI,3
SHIPPING,3
SUBSCRIPTION,3
PAYS,3
COMMUNITIES,2
HAMMONDS,2
BOTTOMLEY,2
RANGASWAMI,2
NAVIGATING,2
HORIZON,2
CHARACTERIZED,2
RESHAPED,2
HOPE,2
MAPPING,2
AIMED,2
SIMPLIFIES,2
ENTRANT,2
UNIT,2
SUCCEEDED,2
WARRANT,2
SUPERMARKET,2
PREDICATED,2
SHOP,2
WAIT,2
REDISTRIBUTING,2
INTERFACE,2
MUTUALIZATION,2
ANYWHERE,2
EMBRACING,2
PEERS,2
THINKING,2
SIDES,2
OVERSEE,2
ADJACENCIES,2
SURVIVAL,2
STEER,2
STRINGENTLY,2
PLACES,2
MANUFACTURER,2
DRAWN,2
LACKING,2
TENCENT,2
WAVE,2
PROFOUND,2
COMBINATION,2
CAREFULLY,2
HACKING,2
AWARE,2
EVOLVES,2
TRAINING,2
SIRI,2
ALEXA,2
WORKED,2
IDEA,2
ACCEPTING,2
SIMILARLY,2
HBR,2
SLOAN,2
PRIORITY,2
TRAIN,2
CMO,2
GLOBALIZATION,2
SHOW,2
GIANT,2
OBSTACLES,2
GEOGRAPHY,2
PRESS,2
EXTRACT,2
LIE,2
ROBOT,2
TRACKER,2
ILLUSTRATING,2
EVOLUTIONS,2
OPENED,2
GREW,2
DISTINGUISHING,2
INSTANCES,2
EXPENSE,2
CONNECTEDNESS,2
ROLLING,2
PROCESSORS,2
NOVEMBER,2
SINGLES,2
BIGGEST,2
FORTUNECOM,2
FRIDAY,2
PASSING,2
CHARGED,2
IFR,2
WEAKENING,2
SELECTIVE,2
CHEQUES,2
STARLING,2
ADVERTISED,2
AMEX,2
LENDINGCLUBCOM,2
FINDERCOMAU,2
ELSEWHERE,2
UNMET,2
SUCCEED,2
DROVE,2
EARLIER,2
RETAILER,2
TECHNAVIO,2
CATCH,2
PSD,2
CONSISTS,2
AUTHORIZE,2
CAPPED,2
APPLIES,2
INFO,2
PERVASIVE,2
TRY,2
CURRENTC,2
PULLING,2
PYMNTSCOM,2
ARS,2
TECHNICA,2
HACKS,2
FLIGHT,2
KINGDOMS,2
ISO,2
REALITY,2
CHEAPLY,2
HOURS,2
COIN,2
BLOCKCHAININFO,2
WORLDS,2
MASSIVE,2
HEIGHTENED,2
STEADILY,2
PROGRAMMING,2
EXPECTATION,2
APPEARANCE,2
STOP,2
TRAFFIC,2
SLOWER,2
TIE,2
SHRINKING,2
APPEARING,2
MOSTLY,2
TYPICAL,2
RETAINING,2
GETS,2
SENSE,2
THRIVE,2
PUSHING,2
MY,2
EXPLAINED,2
ET,2
PUBLISHED,2
EQUALLY,2
CONCLUSIONE,2
MICROINSURANCE,2
DESIGNERS,2
NECESSITATING,2
RESPONSIBILITIES,2
OUTSTANDING,2
MASHABLE,2
PURCHASED,2
SLICES,2
AMOUNTS,2
ADAPTABLE,2
HOSTS,2
WOMEN,2
PWC,2
INFLUENCED,2
DEPENDS,2
DOCTOR,2
HAVEN,2
VIETNAM,2
PREPAID,2
POPULATIONPYRAMIDNET,2
BALANCED,2
DECLINED,2
CHURCH,2
SAVED,2
OCCUPIED,2
MICROSOFT,2
HOUSEHOLDS,2
SOMETIMES,2
EASE,2
SMOKE,2
INSTALLATION,2
NOTIFIES,2
HEALTHY,2
EARNING,2
TETHERED,2
ADVERTISING,2
CUSTOMIZATION,2
LUCRATIVE,2
HEAVY,2
MAINSTREAMING,2
OUTSOURCING,2
CUTTING,2
POOLING,2
INDIVIDUALIZED,2
JOBS,2
WORKERS,2
MISTAKES,2
SIGNALS,2
MODIFIED,2
DETECTION,2
FAMILIARITY,2
REVOLVE,2
HIRING,2
EMPHASIZING,2
DEMOGRAPHIC,2
COMPROMISING,2
PERCEPTIONS,2
SURE,2
RECOGNIZED,2
BEGAN,2
REFOCUS,2
PROTECTING,2
CAVEATS,2
GERMAN,2
ENGAGES,2
DOWNLOAD,2
EXPOSES,2
ENCOURAGES,2
OBSERVER,2
BANKER,2
NORDICS,2
SHEETS,2
SOUGHT,2
ATTRACTIVENESS,2
LATTER,2
VERGE,2
CENTRE,2
COMPASS,2
FELL,2
APPROACHED,2
TEMPTED,2
APPEARED,2
GETTING,2
AID,2
MINI,2
EMPLOYEE,2
WALK,2
WOW,2
WASHINGTON,2
BAIN,2
ROUTINE,2
GIANTS,2
GAME,2
WEIGHED,2
COLLECTIONS,2
ENFORCED,2
MAXIMIZE,2
TRUSTWORTHY,2
OLIGOPOLISTIC,2
INTENSIFYING,2
UNBUNDLED,2
AIDED,2
OWNING,2
FLOCK,2
NEWLY,2
CLARIFY,2
WANTED,2
FEED,2
SYMBIOTIC,2
SOMETHING,2
GOLD,2
EDITION,2
QUALIFY,2
UNSTRUCTURED,2
TEMPORARY,2
SEVERE,2
PAYDAY,2
BAIDU,2
ONEROUS,2
ROCKET,2
COMPARISONS,2
HELPS,2
TECHSPOT,2
CITY,2
AM,2
SUPPLIERS,2
PROVED,2
FOUND,2
WARRANTS,2
SOFI,2
LICENCE,2
TECHCRUNCH,2
ATTRACTING,2
LICENSING,2
PREFERENCE,2
ALTERED,2
PERCEPTION,2
MULTITUDE,2
STRUGGLING,2
FLOURISH,2
FORMER,2
VENUE,2
MEANWHILE,2
REDUCTIONS,2
WIN,2
GOES,2
MILLENNIALS,2
ATTENTION,2
BEGINNING,2
MANUFACTURE,2
SHAPED,2
ABANDON,2
DB,2
DRAWING,2
PREDOMINANTLY,2
PROLONGED,2
AIMING,2
DEPARTMENT,2
LABOR,2
COMPRESSION,2
REPLACING,2
STRIKE,2
DIVISION,2
DRASTICALLY,2
WANNACRY,2
FINEXTRA,2
ECONOMICAL,2
BUDGET,2
OWNERSADVISORY,2
BRANDS,2
NORM,2
AFFORD,2
SUPERVISION,2
INTERPRET,2
SAVVY,2
ERODES,2
CONTAINED,2
ORGANIZATIONAL,2
INTEGRATIONS,2
SIGNALING,2
TAKEOVER,2
UNACCREDITED,2
CHAPTER,2
UNLISTED,2
INFANCY,2
BURDENSOME,2
OVERLOOKING,2
ALONGSIDE,2
BLOG,2
ESTATE,2
MATURING,2
ALBEIT,2
ATTEMPT,2
DIFFERENTLY,2
BB,2
PEBBLE,2
CHOSE,2
ROUND,2
CROWDENGINE,2
INCORPORATES,2
CROWDFUNDINGBEAT,2
ASIAN,2
LAWYER,2
INEXPERIENCED,2
AFFILIATIONS,2
CB,2
EDUCATIONAL,2
EVENTUALLY,2
BREWERY,2
LEVERAGED,2
BREWERIES,2
INACCURACIES,2
ILLIQUID,2
RESEARCHING,2
POOLED,2
COMMITTED,2
ALTFI,2
EDUCATE,2
WORTHWHILE,2
DEGREES,2
DEDICATED,2
ACCESSES,2
PREPARING,2
DONE,2
ALLOCATE,2
PLAYS,2
FILLING,2
FAQ,2
VOL,2
ELECTRONIFIED,2
DEMANDSUPPLY,2
FITS,2
UNEVEN,2
DISINTERMEDIATING,2
FOCUSES,2
ALLQ,2
BIS,2
CONTRIBUTE,2
J,2
CHRISTOPHER,2
AGENDA,2
OBJECTIVE,2
BREXIT,2
CFTC,2
RISKNET,2
SKADDEN,2
ARPS,2
SLATE,2
MEAGHER,2
FLOM,2
APPLICABILITY,2
REBUILD,2
ENTERED,2
EURONEXT,2
BONDCUBE,2
FILED,2
CONVERTING,2
SWAP,2
SEF,2
FIA,2
PREDICTABLE,2
CAPITALIZE,2
LEAVE,2
ONTO,2
STABLE,2
MONETIZING,2
COOPERATIVE,2
CONSORTIA,2
TREATMENT,2
SHORTEN,2
BUYS,2
RELEASES,2
IQ,2
INVESTS,2
LLC,2
CENTER,2
PEKING,2
SCHOOL,2
JULIA,2
AMY,2
ALLEN,2
GILES,2
DATAMINR,2
BALE,2
MARY,2
SQUARE,2
BORROWELL,2
DONALD,2
RON,2
PAT,2
DESAI,2
KEN,2
ANTHEMIS,2
INTERAC,2
BISON,2
JARED,2
GUPTA,2
HO,2
AMERICAMERRILL,2
LYNCH,2
ZHOU,2
DU,2
MARKIT,2
KELLY,2
ELIZABETH,2
KAREN,2
KEYS,2
SILICON,2
VALLEY,2
KING,2
IEX,2
LI,2
LIPMAN,2
JORGE,2
FIRE,2
MAK,2
IRONFLY,2
EMMANUEL,2
MAROT,2
DOUGLAS,2
BALDERTON,2
SHARON,2
KAI,2
MARTA,2
PRESTON,2
MINISTRY,2
ROGER,2
SHAWN,2
SAHAI,2
BELFIUS,2
STARK,2
STEPHAN,2
DEN,2
VON,2
YANG,2
BRAD,2
NINA,2
ZHU,2
CFO,2
SE,2
BUSSMAN,2
ALIXPARTNERS,2
PLC,2
DEREK,2
ZURICH,2
CHAN,2
HILL,2
ALLAIRE,2
BATLIN,2
BEECROFT,2
ENGINE,2
DAVE,2
BIRCH,2
COINBASE,2
KOREA,2
CHARLOTTE,2
ABUNDANCE,2
DELUCA,2
ESTIMIZE,2
VODAFONE,2
KOPO,2
EDITOR,2
EDITORATLARGE,2
PACIFIC,2
LU,2
MARTIN,2
STEVE,2
SHANGHAI,2
BITPAY,2
PARK,2
CHRISTOPH,2
BARRY,2
STAN,2
STALNAKER,2
TANG,2
SAP,2
KLEIJ,2
SAR,2
OBERHOLZNER,2
STRIVE,2
ALTER,2
SUMMARISED,2
EXAMINED,2
GROUPING,2
CRYPTOCURRENCIES,2
SHORTTERM,2
PRODUCTBASED,2
HOMOGENISATION,2
FICKLE,2
BENCHMARK,2
WEARABLES,2
COMPETITIVELY,2
RECONSIDER,2
MIDSIZED,2
WIDEN,2
EVENTDRIVEN,2
COMMODITIES,2
ADDRESSED,2
UNIQUELY,2
BRIEF,2
CONCLUSIONS,2
FRONTEND,2
DISPLACED,2
COORDINATED,2
SCALEBASED,2
SETTLED,2
TRACEABILITY,2
DENOMINATION,2
WIRELESS,2
INVISIBLE,2
ACCUMULATED,2
ONETOUCH,2
ONECLICK,2
STICKIER,2
COMBINE,2
PROPORTION,2
ME,2
INTENSITY,2
SURVIVING,2
VIRTUALLY,2
REMOVES,2
MERCHANTISSUED,2
OPTIMISATION,2
REWARD,2
EFFICACY,2
CHARGES,2
ACCUMULATION,2
DECISIONING,2
AUTHORISATION,2
PRUDENT,2
INTEROPERABLE,2
IMMATURE,2
PREFERRED,2
BANKISSUERS,2
DISPLACE,2
CODES,2
SENDS,2
MESSAGE,2
NODES,2
TRANSMIT,2
UTILISED,2
PROPOSED,2
TRUSTLESS,2
CONCEPTS,2
EMPLOYING,2
GOVERNED,2
OPENSOURCE,2
REGISTRATION,2
UNBANKED,2
AIRTIME,2
CROSSBORDER,2
SENDERS,2
SHORTCOMINGS,2
FAMILIAR,2
TRACEABLE,2
EXCEED,2
DISTANCE,2
KEEPING,2
RAILSA,2
SOLUTIONSA,2
CONJUNCTION,2
UNDESIRABLE,2
CIC,2
FIDOR,2
POSSESS,2
EXPEDITE,2
INTRODUCING,2
UNFORESEEN,2
CORRELATION,2
REINSURE,2
HIGHTOUCH,2
EAGGREGATORS,2
ACQUIRED,2
SECURITIZATION,2
PARTIALLY,2
DECOUPLING,2
WIDENED,2
BUNDLE,2
ENCOMPASSES,2
ACTUARY,2
STABLISE,2
BUDGETS,2
REALISE,2
COLLUSION,2
BEAR,2
RURAL,2
INSURING,2
THINGS,2
KNOWING,2
VERTICAL,2
UKBASED,2
AMIDST,2
ACCEPTABLE,2
REFINED,2
REFLECTED,2
SEGMENTATION,2
SIGN,2
USUALLY,2
VITALS,2
BILATERAL,2
AUTOMOTIVE,2
TELECOMMUNICATIONS,2
REFLECTIVE,2
TIRES,2
TRAVEL,2
RELEVANCE,2
SOURCED,2
EXCLUDE,2
MYRIAD,2
DOMINATED,2
FASHION,2
GUARANTEES,2
DEPOSITORS,2
GENERATES,2
CONSUMERFRIENDLY,2
BANDWIDTH,2
ABSORB,2
FLOAT,2
DIVERSIFYING,2
INDICATION,2
MEASUREMENT,2
DISINTERMEDIATED,2
ONESIZEFITSALL,2
GENERATIONAL,2
NEEDSBASED,2
ENHANCEMENTS,2
CUSTOMERDRIVEN,2
SORT,2
BI,2
CROSSSUBSIDISED,2
CBW,2
RECEIPTS,2
COMMAND,2
QUASIFINANCIAL,2
UNFAMILIAR,2
REALIGN,2
STRENGTHS,2
LOWRETURN,2
FULFILLED,2
DIVIDENDS,2
PERMITTING,2
LENGTHY,2
FULFILLMENT,2
FAIR,2
BANKSINTERMEDIARIES,2
CUSTOMISATION,2
DEBTS,2
FLEXIBLY,2
IMPLICIT,2
LITERACY,2
GENERATING,2
SOONER,2
IDEOLOGICAL,2
SPACEHIVE,2
DEBENTURES,2
OVERLAP,2
FAVOURITE,2
COMPENSATE,2
CHILANGO,2
DURATION,2
REVEALED,2
PERSONALLY,2
EXCLUSIVITY,2
AFFORDABLE,2
LEFT,2
SOLID,2
NETWORTH,2
MILLENNIAL,2
INCEPTION,2
EDUCATED,2
REDEPLOYING,2
BROKERAGES,2
SKILLS,2
NARROWING,2
GATHERS,2
BUYSIDE,2
REACTION,2
TOPTIER,2
HR,2
REMAINED,2
SCALEDRIVEN,2
INFLEXIBLE,2
FORMATS,2
TURNAROUND,2
BATCH,2
TOPOLOGICAL,2
CORRELATIONS,2
HYPOTHESIS,2
NONCOMPLIANT,2
ORGANISES,2
SHAREHOLDING,2
UNATTAINABLE,2
INPUTS,2
PATTERN,2
CHOSEN,2
DISAPPEAR,2
EXTERNALISING,2
ATTAIN,2
TRANSLATE,2
CLOUDBASED,2
DISSEMINATION,2
BUYIN,2
ACCOUNTABILITY,2
TURNOVER,2
TRANSITIONS,2
EXPLOITING,2
ROSENBLATT,2
HFTS,2
HYPOTHESISING,2
SELFLEARNING,2
SELF,2
REVERT,2
TANGIBLY,2
INTERVENED,2
TRADER,2
MAKER,2
CORRECT,2
TRIGGERING,2
FACTBASED,2
FALSE,2
TWITTER,2
CAUSED,2
IMMEDIATELY,2
POSTING,2
TWEET,2
CORRECTING,2
PREEXISTING,2
DISPERSED,2
CONSUMING,2
STRENGTHENED,2
WHOM,2
OBSCURE,2
VALUES,2
REDISTRIBUTED,2
ENABLERS,2
LAYS,2
LIEN,2
ADAMS,2
ANGUS,2
STEVEN,2
BERG,2
BOYSEN,2
ALICIA,2
CARMONA,2
SA,2
DBS,2
SUNCORP,2
CONAN,2
FRENCH,2
EMILIO,2
GARCIA,2
ARAN,2
SOCIETYONE,2
ADRIENNE,2
CONT,2
RAJ,2
UFJ,2
KROEMER,2
LIPIS,2
JOSEPH,2
LUBIN,2
LUDWIN,2
LUNDKVIST,2
MARATHAKIS,2
EDDIE,2
HANNA,2
NILSSON,2
CHERYL,2
PARKER,2
RICK,2
PORTER,2
RHOMAIOS,2
RAM,2
RICHARDS,2
RINALDI,2
WIEBE,2
RUTTENBERG,2
SACMAR,2
ROCKY,2
SCOPELLITI,2
SABRINA,2
SDAO,2
ANTON,2
SEMENOV,2
RAJESH,2
SHENOY,2
SZUREK,2
TAPSCOTT,2
TAYLOR,2
ADIZAH,2
TEJANI,2
WAYNE,2
JERRY,2
ZSCHACH,2
SOUMAK,2
CHATTERJEE,2
TRANSITION,2
FEASIBILITY,2
IDENTIFIES,2
NOV,2
ESTABLISHMENT,2
PANACEA,2
VIEWED,2
TENDER,2
REDRAW,2
IMPROVEMENTDLT,2
CONVERGING,2
NF,2
CA,2
NE,2
OFFLINE,2
REMOTE,2
IC,2
CT,2
SIMPLIFICATION,2
FRICTIONS,2
AB,2
EMPLOYED,2
TRAILS,2
AUTONOMY,2
EXTERNALLY,2
PROMOTES,2
PLEDGE,2
AUTONOMOUSLY,2
MEDIATE,2
TRANSFORMED,2
REPRESENTATION,2
DEMONSTRATION,2
NETWORKED,2
PRACTICAL,2
CONVERSATIONS,2
DETECT,2
DEPENDENCIES,2
JURISDICTIONAL,2
TRACKED,2
WRITERS,2
MODIFICATIONS,2
DEPENDENCY,2
CHECKING,2
MICROPAYMENTS,2
HASH,2
CODIFICATION,2
SYNDICATEREQUESTING,2
REWRITING,2
ALERT,2
INVESTORTHIRD,2
COUNTING,2
PRINTING,2
MAILING,2
COMPARTMENTALIZED,2
DEPOSITORYCENTRAL,2
ARCHITECTING,2
REMITTANCES,2
OBLIGATION,2
CONFIRMS,2
UTILIZES,2
CONTAINING,2
PAYOUT,2
ENCAPSULATES,2
ALERTS,2
DEPOSITED,2
REVIEWED,2
ESTABLISHES,2
VALID,2
URGENCY,2
RELIANT,2
WHOLESALE,2
FRACTION,2
RECEIVES,2
INSUREES,2
SUBMITS,2
ADJUSTERS,2
REINSURERINSURER,2
BROKERINSUREE,2
COMPLETENESS,2
SIMPLIFIED,2
IRRELEVANT,2
AMOUNTED,2
LATIN,2
ARRANGERCORPORATION,2
PLEDGING,2
DISBURSAL,2
DUPLICATIVE,2
QU,2
REGULATORSMART,2
CONTRACTCORPORATION,2
DISPERSION,2
DISPERSE,2
APPROPRIATELY,2
IMPORTERS,2
PRODUCTSERVICE,2
ASSUMES,2
TRANSPORT,2
AGREE,2
INSPECT,2
TRANSPORTED,2
NA,2
NC,2
IA,2
LS,2
INVOICES,2
CHECKS,2
PROPENSITY,2
INSPECTED,2
HEADCOUNT,2
TITLE,2
GOVERN,2
INCAPABLE,2
INTERFACING,2
LEGALREGULATORY,2
YIELDS,2
CALCULATING,2
OUTLINED,2
ADHERE,2
ACTIVATE,2
OI,2
H,2
REGULATORBANK,2
ASIDE,2
COMPLYING,2
REPORTINGASSESSMENT,2
PRODUCTIVITY,2
ASSERTIONSDEPRECIATIONLOSSES,2
LIABILITIESASSETSINCOME,2
IRSACCOUNTANT,2
RESERVEREGULATOR,2
DUPLICATE,2
PICTURED,2
VOTED,2
ELECTIONS,2
APPROXIMATELY,2
MEETINGS,2
PROXYPULSE,2
ILLEGAL,2
MISLEADING,2
VOTERS,2
COUNTED,2
NOTIFY,2
DETAIL,2
DOWNSTREAM,2
NYSE,2
APPROVE,2
INITIATING,2
VALIDATES,2
CAUSE,2
LANE,2
CATAPULT,2
CITIGROUP,2
LTD,2
IVAN,2
TRADEME,2
DIACC,2
BNY,2
MELLON,2
CANADIAN,2
PERC,2
VELLA,2
UNDERWAY,2
CONSTRUCTED,2
PHOTOGRAPHING,2
ELIGIBILITY,2
ALCOHOL,2
ENTITLED,2
EXCHANGING,2
FOCUSSED,2
COMMERCIALLY,2
OVEREXPOSED,2
EXECUTIONAL,2
CATEGORIZED,2
ASSISTING,2
CHAMPION,2
STUDIED,2
RESIDE,2
CRIME,2
PUTTING,2
EXCLUSION,2
METADATA,2
ENVIRONMENTAL,2
UNSUSTAINABLE,2
OCTOBER,2
FRONTIER,2
DESCRIBE,2
MONOLITH,2
INTRINSIC,2
QUERY,2
PRESENTED,2
ALWAYS,2
SIGNING,2
GEOGRAPHIC,2
CHARACTER,2
HUGE,2
SAAS,2
GOVUK,2
GRANTED,2
BANKID,2
EXHAUSTIVE,2
INQUIRY,2
BLINDING,2
RESILIENT,2
SASSA,2
HUGELY,2
CONTRAVENTION,2
MONTHLY,2
TELECOMS,2
SAVING,2
TRACE,2
HIERARCHIES,2
SIGNATURES,2
IDIN,2
RESETTLEMENT,2
TAXES,2
SCALED,2
PRAGMATIC,1
FORUMS,1
CONCERNING,1
ASSISTED,1
THOUGHTS,1
THANK,1
MENTORSHIP,1
VISION,1
INSPIRATIONAL,1
FINALLY,1
KIMBERLY,1
CATLIN,1
CALMJANE,1
ROLAND,1
FEJFAR,1
IBD,1
SCHRODERS,1
FABIAN,1
KLOSTERS,1
AFTERSHOCKS,1
WINGS,1
PROMISED,1
DRAWS,1
IMPORTANTLY,1
LIES,1
SEISMIC,1
EDITORS,1
CULMINATION,1
PHASES,1
STRIVED,1
CULMINATED,1
CONSIDERS,1
PRODUCE,1
SAN,1
FRANCISCO,1
SHENZHEN,1
TORONTO,1
CAME,1
OVERTAKING,1
FALLEN,1
SEIZED,1
SUBSECTOR,1
SHOWN,1
OVERESTIMATED,1
CAVEAT,1
TEMPO,1
NEITHER,1
EXTERNALIZE,1
EIGHT,1
LABOUR,1
DUPLICATION,1
EXTERNALIZING,1
ALADDIN,1
ALIKE,1
COMMODITIZE,1
JIGSAW,1
SEPARATELY,1
CATALYSTS,1
TRÅŒV,1
PROPOSING,1
CURTAILING,1
PRESSURESSHIFTS,1
CURATION,1
BENCHMARKS,1
ABUSING,1
REGULATORSIMPLICATIONS,1
AUDIENCES,1
WEBANK,1
STOREFRONT,1
INVOICING,1
ADP,1
DASHBOARD,1
SALESDISTRIBUTION,1
SNAPSHOTS,1
NONBANKS,1
OPTIONAL,1
ADDS,1
AIB,1
CASHBACKS,1
VERSUS,1
ARRIVAL,1
WORKFORCES,1
COWORKING,1
COMPUTERS,1
MULTIPLYING,1
SUITES,1
ERICA,1
CHATBOT,1
MOULD,1
HUNDREDS,1
SPECIALISTS,1
DOMINATING,1
FIGURE,1
PUNISHMENT,1
WAVES,1
COEXIST,1
ACCOMPANIED,1
BACKBONE,1
XIGNITE,1
BIT,1
HARNESS,1
GUIDES,1
TOUGH,1
INDEPENDENCE,1
NECESSITATES,1
PROGRESS,1
AGO,1
THEORETICALLY,1
BREEDING,1
MULTIPOLAR,1
LOCALE,1
SUBJECTS,1
GAPROLE,1
PROBLEMSSYSTEMIC,1
RACES,1
HEART,1
HARVARD,1
READY,1
COLLEAGUES,1
MINE,1
CDO,1
INTERVIEW,1
IDG,1
PLAUSIBLE,1
MAPPED,1
ILLUSTRATES,1
READER,1
RAILSMOBILE,1
FAMILIARIZED,1
MULTINATIONALS,1
GEOGRAPHICALLY,1
VARIED,1
OPERATED,1
DOMINATE,1
LOGGING,1
SUBSCRIBERS,1
LOCALLY,1
INCOMPATIBILITY,1
SHOPPERS,1
FORBID,1
UNATTRACTIVE,1
CONDITIONING,1
DECIDED,1
FORGOING,1
CAPS,1
BRANDED,1
LHV,1
COUNTRYS,1
CH,1
EE,1
VISAMC,1
BANKSPAYMENT,1
DIFFERED,1
AFFECTS,1
RESISTED,1
ADVANCE,1
UNLIKELY,1
RUPEE,1
NOTES,1
COMPOUND,1
CAGR,1
SATES,1
TSYS,1
FRANCE,1
CARDOTHER,1
HOST,1
CONCURRENTLY,1
RESPECTIVELY,1
FORBIDDING,1
SORTED,1
MINT,1
YODLEE,1
MERCHANTINTERMEDIARY,1
OVERWHELMING,1
INGRAINED,1
PATIENCE,1
LOOP,1
WORKNOT,1
CLOUDING,1
APPLES,1
COOK,1
ANNOUNCING,1
PAINT,1
MIXED,1
WALMART,1
WENDY,1
SHUT,1
FRACTURES,1
DEMISE,1
UNLOCKED,1
INSECURITY,1
MAGNIFIED,1
SHOCKS,1
FREEZES,1
TRACKOVERSEE,1
INROADS,1
MODERNIZED,1
MODERNIZING,1
TRANSMISSION,1
BITFINEX,1
BRIDGED,1
CONDITIONED,1
DIVERGES,1
PRECIPITOUSLY,1
SHRINKS,1
CHALLENGERS,1
LOCK,1
COW,1
NEGOTIATE,1
DATAOTHER,1
ARISES,1
WITHDRAW,1
SPECIFICATIONS,1
STEADY,1
JUSTIFICATION,1
ISSUERSINTERMEDIARIES,1
SOMEWHAT,1
ALLY,1
FRAGMENTING,1
JUGGLE,1
REWARDED,1
PIECING,1
QUANDARY,1
SMARTPHONE,1
PREDOMINANT,1
APPEARS,1
REWARDLOYALTY,1
FRAGMENT,1
COLLECTMAKE,1
ENJOY,1
MULTIDIMENSIONAL,1
WIELD,1
ECHO,1
TURNS,1
AMBITIONS,1
AUDACIOUS,1
SOFTEN,1
ALIBABA,1
SMASHES,1
SHOPPED,1
WEEKEND,1
STATISTIC,1
EMVCO,1
WWWEMVCOCOMABOUTEMVCOASPX,1
DIARY,1
SURVEY,1
BAGNALL,1
STATS,1
DEFIANT,1
DEACTIVATE,1
TURF,1
CONFIRMED,1
SIGNALED,1
NEEDSVALUE,1
SPECIFY,1
OCCASIONS,1
INNOVATING,1
OVERCAPITALIZED,1
UNDERWRITERSPRODUCT,1
DEPRESSION,1
OVERCAPITALIZATION,1
GIVES,1
QUIETLY,1
BELIEVES,1
AUTOPILOT,1
INSURANCEPARTNERSHIP,1
CAT,1
SUBSUMED,1
WALKS,1
MEASURED,1
NECESSITATE,1
ITEMS,1
DELINEATION,1
PRESUMES,1
SENIORS,1
GREY,1
HOMESHARERS,1
HOMEOWNER,1
BLURRED,1
INDIVIDUALITY,1
FASTEST,1
RIGID,1
CONSUMABLE,1
CHUNKS,1
EAST,1
WHOLLY,1
SUBSIDIARY,1
MASSMUTUAL,1
BIMA,1
VEITNAM,1
SPILL,1
TRAITS,1
OMNICHANNEL,1
PROJECTED,1
EQUAL,1
SENSOR,1
PENETRATION,1
SEESAW,1
FROZEN,1
PIPE,1
LEAKS,1
OCCUPANCY,1
PILOT,1
HOPING,1
CYBEREVENTS,1
MONITORMARSH,1
VOLUNTEERING,1
CONVINCED,1
HANDS,1
HESITANT,1
DETECTOR,1
DISCOUNTED,1
BATTERY,1
LIVING,1
REACTIVE,1
STRENGTHENING,1
CAUGHT,1
DEPRIORITIZE,1
EMPHASIZE,1
APATHY,1
NOTICEABLE,1
COMPELS,1
LOSES,1
DEPARTMENTS,1
OUTSOURCEDEPEND,1
VENDORSUTILITIES,1
CATERING,1
BIKE,1
MEASURING,1
GIG,1
COVERS,1
MISCOVERAGE,1
INADVERTENT,1
SPECIALIZING,1
ALIGNS,1
UNDERGOES,1
RESTRUCTURING,1
PERSISTS,1
BULK,1
USEFUL,1
SPREADING,1
ORGANICALLY,1
TIGHTLY,1
VERTICALLY,1
MODULARIZED,1
SPLITTING,1
PURSING,1
CONTRADICTORY,1
EQUIPMENT,1
CONVINCING,1
XXVI,1
RIDESHARE,1
EMBRACED,1
SWEDISH,1
MOBILES,1
CELENT,1
QUEST,1
WWWEYCOMPUBLICATIONVWLUASSETSKEYTELEMATICSCONSIDERATIONSFORTHETELECOMSSECTOR,1
CHANNELSVIRTUAL,1
CUSP,1
LAY,1
FOUNDATIONS,1
CATALYSED,1
SATISFY,1
INCENTIVIZES,1
DISCOURAGED,1
WEAKEN,1
CRÃ‰DIT,1
AGRICOLE,1
CULTIVATES,1
SUGGEST,1
PROGRAMMABLEWEB,1
SOFT,1
CURATE,1
OPENNESS,1
RECAPITALIZING,1
SMARTPHONES,1
TRUSTING,1
ILLUSTRATED,1
STARBUCKS,1
LESSONS,1
PLATEAU,1
JETTISONING,1
UNPROFITABLE,1
WHEREVER,1
SIGNED,1
INDICATED,1
RAMPS,1
BANKFINTECH,1
ZELLE,1
LINKS,1
UNDERTAKEN,1
WEIGHS,1
SPECIALLY,1
EVENTUAL,1
PATCHWORK,1
RIP,1
PROMPT,1
EXTINCT,1
COBOL,1
RIDDLED,1
CORES,1
ENRICHMENT,1
COMPATIBILITY,1
REFOCUSED,1
OPTIMIZING,1
DEFECTIONS,1
VISUALLY,1
VIDEOCONFERENCING,1
VIDEOCONFERENCE,1
RESPONDENT,1
UNRAVELLING,1
CHANGER,1
CYBERINSECURITY,1
ISOLATED,1
WEAKLY,1
UNIFIED,1
DISTORT,1
CURATOR,1
SANDBOXES,1
PLAGUED,1
SCANDAL,1
HOSTING,1
SHELF,1
PRESERVING,1
EXTENDS,1
BUNDLED,1
UMBRELLA,1
STAYING,1
PERHAPS,1
OVERCOMING,1
BENEFICIARIES,1
CONFUSED,1
OVERWHELMED,1
BRANDING,1
LEGISLATIONS,1
SUBSIDIZE,1
IMAGE,1
WINNERS,1
VIRTUOUS,1
IMPERATIVES,1
PROFICIENCY,1
AGRICOLES,1
AKIN,1
RANKS,1
JAVELIN,1
AWARDS,1
ORBAN,1
ACHILLES,1
HEEL,1
TELLERS,1
BLACKSMITHS,1
THREATENED,1
ADJUDICATIONMASS,1
PROWESS,1
BOLSTER,1
FARE,1
ITERATION,1
LAG,1
CONTRACTION,1
DEEM,1
PROGRESSIVELY,1
REPAY,1
PLACING,1
MAINFRAMES,1
BRIDGES,1
ENDS,1
DEMANDED,1
MIDDLEWARE,1
LOOKED,1
OVERHAULING,1
IMPEDING,1
QUICKEN,1
ROUGHLY,1
REORIENT,1
SATISFACTION,1
PROMOTER,1
JUMPING,1
FRAY,1
STOPPING,1
DEFAULTS,1
WITHHOLD,1
SCRATCH,1
ANALOG,1
PULLED,1
STUDENT,1
OPTIMIZATION,1
OPEX,1
INDISPENSABLE,1
STABILIZE,1
OUTPERFORM,1
STEMMING,1
CEDE,1
DISADVANTAGES,1
ABSOLUTE,1
EXPENDITURES,1
ANTICIPATE,1
LOCKED,1
HORIZONTALLY,1
UNREGULATED,1
PULL,1
NEGOTIATIONS,1
REORIENTED,1
SIGNALSDATA,1
DECK,1
LENDINGPDF,1
LENT,1
SINCEHTML,1
HSBCS,1
INKS,1
SOROS,1
JEFFERIES,1
CHARTER,1
LAUNCHHTML,1
PHENOMENON,1
MARKED,1
ANALYSISTHE,1
FORMULAS,1
DC,1
BABY,1
BOOMERS,1
STEPPED,1
CITING,1
SCANDALS,1
DISSATISFACTION,1
CONSEQUENCE,1
POLICES,1
SETTINGS,1
DUTY,1
MINIMUMS,1
MASSES,1
ELEVATE,1
BOUND,1
ETHICALLY,1
AUTHORITYS,1
RETAILDC,1
AUM,1
SOON,1
DETERIORATE,1
CYBERATTACK,1
OPENFOLIO,1
STOCKTWITS,1
ADDEPARS,1
DIMINISHING,1
COMPETED,1
INEVITABLE,1
VOLATILE,1
STEM,1
PROPONENT,1
BENEFITED,1
GRAPPLES,1
UNDERSCORED,1
INTANGIBLE,1
DIRECTED,1
JOB,1
CALCULATORS,1
VISUALIZATIONS,1
MANAGEMENTBANKING,1
RENAISSANCE,1
GUARANTEEING,1
MOBILEONLINE,1
DUALITY,1
EMBRACES,1
REPAYMENTS,1
INCENTIVIZING,1
EXCEPT,1
BIFURCATES,1
UNDIFFERENTIATED,1
COMMODITIZING,1
CONSEQUENTLY,1
PERSONALIZATION,1
EMOTIONAL,1
INTELLIGENTSCHWABCOM,1
DOL,1
SECRETARY,1
ACOSTA,1
CONCEDES,1
STOPPED,1
JUMP,1
ATTACK,1
ADDEPAR,1
EVERYBODY,1
ELSE,1
MODELSHTML,1
HP,1
ACTIONCLICK,1
PGTYPEHOMEPAGE,1
FITTEST,1
WWWCASEYQUIRKCOMWHITEPAPERSHTML,1
CUSTOM,1
ROLLS,1
CYBORG,1
CROWDFUNDINGMASS,1
SIGNAL,1
TRUSTWORTHINESS,1
ICO,1
FLOWING,1
ATTITUDES,1
EXPLOSION,1
AVERSION,1
LISTED,1
FOUNDED,1
INACCESSIBLE,1
RELAXING,1
UNREASONABLY,1
RELAXED,1
IMPOSED,1
HARSHER,1
DETERIORATING,1
CALIBER,1
DESPERATE,1
DIVERGED,1
TREAT,1
HAMPERS,1
DIVERGENCE,1
SMARTWATCH,1
KICKSTARTER,1
POINTING,1
ENTHUSIAST,1
ACCREDITATION,1
WEBSITES,1
AUDITED,1
PROTECTIONS,1
DISILLUSIONED,1
DISAPPOINTING,1
SIZEABLE,1
OUTSIZED,1
POWERS,1
ANALOGOUS,1
MARKETPLACESAI,1
SCOTTISH,1
CRAFT,1
ADVOCATES,1
PROMOTIONAL,1
OVERVALUED,1
CAMDEN,1
ADNAMS,1
IMMATURITY,1
GAUGE,1
LAWS,1
REALIZE,1
TEMPORARILY,1
PROSPECT,1
COTTAGE,1
CONCLUSIONDB,1
DESCRIPTIONNUMBER,1
SUSTAINING,1
FAILING,1
WORKABLE,1
LEGITIMACY,1
MACROECONOMIC,1
ORIENTED,1
ACHIEVES,1
ARRIVES,1
RIVALS,1
CATCHES,1
STIFLE,1
CARE,1
LOCATED,1
OBVIOUS,1
UNDERDEVELOPED,1
RELEGATE,1
PROTOTYPING,1
TENTATIVE,1
SUCCESSES,1
EGGS,1
CAPITALLIQUIDITY,1
INCORPORATION,1
RECENCY,1
ICOS,1
TOPS,1
ANGELCOHELP,1
AJAY,1
AGRAWAL,1
CATALINI,1
AVI,1
GOLDFARB,1
CF,1
WWWSYNDICATEROOMCOMFAQS,1
BARKING,1
MAD,1
PLATFORMSCAPITAL,1
BASEL,1
III,1
CONTINUUM,1
UNEVENLY,1
ELECTRIFICATION,1
INDIRECT,1
NUDGES,1
II,1
HOMOGENOUS,1
MIGRATED,1
STAKE,1
DERIVATIVES,1
LATE,1
EXECUTIONBET,1
UPHELD,1
EQUIVALENCE,1
INTERCONNECTIVITY,1
JOURNEYS,1
ENVELOPED,1
SLOWING,1
REFORMS,1
ENACTED,1
RELIC,1
REVISIT,1
UNCERTAINTYNEW,1
FOOTPRINT,1
HE,1
RESIDING,1
UPENDING,1
PREVAILING,1
PREREQUISITES,1
PROFITING,1
BETTING,1
BLOCKCHAININFRASTRUCTURE,1
BLOCKONEIQ,1
PERQUISITE,1
SURVIVORS,1
BET,1
SYNERGIES,1
ADAPTATION,1
INERTIA,1
IDEAL,1
ENRICHING,1
RELUCTANCE,1
DISTURB,1
CHARACTERIZING,1
LIQUIDATION,1
LACKED,1
FAILUREEXPANSION,1
CONCLUSIONA,1
DEREGULATION,1
HINDERED,1
GARNER,1
MASSE,1
CONSOLIDATING,1
CUSTODY,1
HEIGHTENING,1
WORKFLOWS,1
SURPRISING,1
FAVOURABLE,1
MULTILATERAL,1
ENCROACH,1
THEIRS,1
FREES,1
GUARANTOR,1
HARDER,1
REVAMP,1
INSUFFICIENCY,1
COOPERATING,1
SPHERE,1
SETTLEMENTS,1
REMARKS,1
BOCA,1
RATON,1
FLORIDA,1
TRUMP,1
LEXOLOGYCOM,1
WWWLEXOLOGYCOMLIBRARYDETAILASPX,1
BLOCKONE,1
DEVELOPER,1
THERES,1
JV,1
AUCTION,1
BACKUPS,1
BORING,1
AUTHORS,1
PEARCE,1
DOMINIK,1
HERMANN,1
ACCELERATOR,1
SHRIJA,1
BAJPAI,1
KERRY,1
BUTTS,1
ALEXANDER,1
CARBONE,1
DI,1
SPIRITO,1
ALEXANDRA,1
DURBAK,1
JACK,1
LUAN,1
ALONZO,1
NEESE,1
VLAD,1
ONCESCU,1
SELTZER,1
ELAINE,1
MIKAAL,1
ABDULLA,1
COMPAREASIAGROUP,1
BILLY,1
ALVARADO,1
AMBROSE,1
LIVEOAK,1
ATTIA,1
BAILEY,1
BAJORAT,1
FIGO,1
LUC,1
BEAUDRY,1
FINTRAC,1
MOODYS,1
BROCK,1
LENDIO,1
BLOMFIELD,1
MONZO,1
ANNE,1
BODEN,1
KAY,1
BOWMAN,1
ELI,1
BRILL,1
BART,1
BROUWER,1
RYAN,1
CALDWELL,1
CAPPELL,1
CECIL,1
CHAI,1
LIBBY,1
CHAMBERS,1
SONIKA,1
CHANDRA,1
CHAPMAN,1
MODO,1
CHEN,1
CHIONG,1
RAJU,1
CHITHAMBARAM,1
COLUCCI,1
CRONIN,1
CRUZADO,1
CYPRYS,1
GIOVANNI,1
DAPRA,1
MONEYFARM,1
DAVIDSON,1
MORNINGSTAR,1
DEMPSEY,1
OCC,1
RODGER,1
PAYFONE,1
DEWOSKIN,1
DICKINSON,1
EQUITABLE,1
DIXSON,1
DRESNER,1
JPM,1
KIRK,1
DUDTSCHAK,1
DUEWEKE,1
IDPAY,1
EGAN,1
ELLISON,1
FAES,1
LENDINVEST,1
FAUCETTE,1
BENJY,1
FEINBERG,1
FRITZ,1
DEBBIE,1
GAMBLE,1
GEVER,1
MCKELLAR,1
CME,1
LIAM,1
GILLLIGAN,1
BEATRIZ,1
GIMENEZ,1
MONLLEO,1
RASMUS,1
GOKSOR,1
GOLDSTEIN,1
KELLIE,1
GOODWIN,1
GORFINE,1
GRAHAM,1
BETSY,1
GRASECK,1
MANU,1
LAKESTAR,1
JULIEN,1
HAMMERSON,1
CALASTONE,1
HANLEY,1
ROYAL,1
SCOTLAND,1
NAUREEN,1
HASSAN,1
HAVASI,1
LUMINOSO,1
JÃ–RG,1
HESSENMÃœLLER,1
TAAVET,1
HINRIKUS,1
BIANCA,1
CLAREAI,1
KENT,1
HOCKING,1
BRENT,1
HOMAN,1
OPC,1
SUNSY,1
HUAN,1
HU,1
HUTTON,1
JURGEN,1
INGELS,1
SMARTFIN,1
IRELAND,1
SRIRAM,1
ICICI,1
CEDRIC,1
JEANNOT,1
APRIVACY,1
CAI,1
JIAN,1
JING,1
MIAO,1
GARRI,1
NUMIS,1
BJORN,1
JUNGERKES,1
SAVEDO,1
ANKUR,1
KAMALIA,1
KANG,1
PAYNEARME,1
KANSLER,1
IHS,1
KERRIGAN,1
SHIRINE,1
DOUG,1
MCS,1
CHARAKA,1
KITHULEGODA,1
ATB,1
KLIER,1
TNG,1
LING,1
DIANRONGCOM,1
NORRIS,1
KOPPEL,1
MONESE,1
DINESH,1
KRISHNAN,1
ZAFIN,1
AMAR,1
KUCHINAD,1
ELECTRONIFIE,1
CLAUDE,1
KURZO,1
LADER,1
CAROLINE,1
LAMAUD,1
ANAXAGO,1
LAURENCE,1
LATIMER,1
JIANG,1
ACADAMY,1
WINNIE,1
LEUNG,1
MONERIS,1
ZHONG,1
SHULAIBAO,1
CAITLIN,1
SYMBIONT,1
COLM,1
LYON,1
MACKINLAY,1
OMERS,1
MEHDI,1
MANAA,1
ECB,1
MANNERS,1
LENDINGROBOT,1
MARTINI,1
GENERALI,1
HEATHER,1
MASTERSON,1
TRAVELERS,1
MATTHEWS,1
AUGMENTUM,1
KIRILL,1
MENSHOV,1
OTKRITIE,1
MERKEL,1
MESNY,1
MOFFAT,1
BRODY,1
MULDERIG,1
ZAYDOON,1
MUNIR,1
HUY,1
NGUYEN,1
TRIEU,1
RAMIN,1
NIROUMAND,1
FINLEAP,1
BENEDICTE,1
NOLENS,1
OLEXY,1
ILIANA,1
ORIS,1
VALIENTE,1
COLLIDERX,1
SASHA,1
ORLOFF,1
HENRIK,1
OTTERSON,1
INVESDOR,1
PAN,1
PEVE,1
BENJAMIN,1
PHILLIPS,1
PILBAUER,1
PLANA,1
POLONSKY,1
METROMILE,1
SHAMEEZ,1
RABDI,1
ONTARIO,1
GLENN,1
REGAN,1
RENTON,1
LENDIT,1
RILEY,1
ROCHE,1
ROSA,1
NEAT,1
SCOTIABANK,1
FAYE,1
KETAN,1
SAMANI,1
KATE,1
SAMPSON,1
LYFT,1
SANBORN,1
SAVIGNAC,1
EUREX,1
ANDREAS,1
SCHERTZINGER,1
SHA,1
SIGFIG,1
SIDGMORE,1
BROADHAVEN,1
SIDDHARTH,1
SHIVANI,1
SIROYA,1
TALA,1
TRAVIS,1
SKELLY,1
SKINNER,1
FINANSER,1
GORDON,1
SOBEL,1
BENOIT,1
SPEYBROUCK,1
SPITZ,1
KARL,1
SPONHOLZ,1
SPOTCAP,1
STACKHOUSE,1
PHILIPPE,1
VIEWPOST,1
STRICKLAND,1
FIDELITY,1
TAUSSIG,1
KABBAGE,1
MASSIMO,1
TESSITORE,1
INTESA,1
SANPAOLO,1
CLARK,1
THOMPSON,1
EDWARD,1
TWIDDY,1
ATOM,1
LUIS,1
VALDICH,1
BERGH,1
MICAI,1
KATLEEN,1
GHEEL,1
GEERT,1
MOL,1
SHRODERS,1
VIENICK,1
SCHULENBURG,1
WALCHEK,1
TROY,1
WAN,1
HARRY,1
WANG,1
WEI,1
LINEAR,1
DARRYL,1
IVAR,1
WIERSMA,1
ETRADING,1
RAY,1
MARATHON,1
YANKIVER,1
MOTIVE,1
YPSILANTI,1
QUANTIFEED,1
RADIAN,1
MICHAELDREXLER,1
NONE,1
WHATSOEVER,1
HEYVAERT,1
HENRY,1
RITCHOTTE,1
ROTENBERG,1
NEERAJ,1
LANCE,1
UGGLA,1
FRED,1
CRAWFORD,1
ALIX,1
GRIP,1
HEDGES,1
TARVER,1
CAPCO,1
COHEAD,1
CONVERGED,1
FABRIZIO,1
CAMPELLI,1
ERICSON,1
COPPOLA,1
DOW,1
MCGRAW,1
IGNACIO,1
GOICOECHEA,1
BANORTE,1
ASHEESH,1
ADVANI,1
COVESTOR,1
RADHIKA,1
ANGARA,1
FASTACASH,1
YONI,1
ASSIA,1
ETORO,1
JOLYON,1
BARKER,1
INGA,1
BEALE,1
BENAZEH,1
MENIGA,1
BILLER,1
BINGLE,1
BRYCKI,1
STOCKSPOT,1
OLAF,1
CARLSON,1
WEE,1
ULF,1
CARLSSON,1
JAPAN,1
BHASKAR,1
CHAKRAVORTI,1
ASSOCIATE,1
DEAN,1
FLETCHER,1
DIPLOMACY,1
TUFTS,1
CHAPPELL,1
SHADOWS,1
GONGPIL,1
CHOI,1
COBLENTZ,1
PROGRESSO,1
FINANCERO,1
COCKERTON,1
FOUNDING,1
COWELL,1
METLIFE,1
EUGENE,1
DANILKIS,1
MAMBU,1
BRUCE,1
MARTEN,1
HARING,1
ECONOMIST,1
REASONING,1
SAMIR,1
MACIEJ,1
DOLINSKI,1
DOOLEY,1
DRAKE,1
LEIGH,1
DROGEN,1
ARON,1
DUTTA,1
CISCO,1
GRECHEN,1
EFFGEN,1
ZIPCAR,1
FAWCETT,1
LIN,1
FENG,1
CLARE,1
FLYNN,1
LEVY,1
ESSENTIA,1
GIROUARD,1
UPSTART,1
GLEESON,1
GOLDMAN,1
WALLABY,1
RUSSELL,1
GOULD,1
GREEN,1
ECO,1
GROVES,1
CHAIR,1
UKFCA,1
HABBERFIELD,1
JR,1
JILLIENE,1
HELMAN,1
REALTY,1
MOGUL,1
DYLAN,1
HIGGINS,1
REID,1
HOFFMAN,1
INNNOVATOR,1
KAORI,1
IIDA,1
NHK,1
BERT,1
ESSEN,1
MANAGNG,1
DRAGON,1
JUNG,1
VICEPRESIDENT,1
INC,1
SONY,1
KAPOOR,1
KATSUYAMA,1
KEENE,1
KENNEDY,1
DAMIAN,1
KIMMELMAN,1
DUEDIL,1
KIRKPATRICK,1
TECHONOMY,1
KOOPER,1
LEAPFROGINVESTMENTS,1
LANNG,1
FRANCINE,1
LACQUA,1
RENAUD,1
LAPLANCHE,1
LAVEN,1
GERARD,1
LEMOS,1
LEVCHIN,1
AFFIRM,1
CTQUAN,1
SANDRA,1
LINHAN,1
LARK,1
NEKTARIOS,1
LIOLIOS,1
STARTUPBOOTCAMP,1
ANX,1
BO,1
MACDONALD,1
MAKIN,1
DEMETRIOS,1
MARANTIS,1
MASSARO,1
PEERTRANSFER,1
MATHIAS,1
MENDEL,1
ZEST,1
LIAO,1
MIN,1
DIRECTORGENERAL,1
RORY,1
MOLONEY,1
NADLER,1
MAS,1
NAKACHI,1
NAUGHTON,1
NENTWICH,1
DUCO,1
NING,1
PROFESSOR,1
NUGENT,1
PAIR,1
KYUNG,1
UBIPAY,1
KITTY,1
PARRY,1
TEMPLARS,1
LOREN,1
PASTORE,1
UPSLIDE,1
PATTON,1
LESLIE,1
PAYNE,1
SANDY,1
PENG,1
UCAN,1
ANTHONY,1
PEREIRA,1
PERCENTILE,1
CLAUDINE,1
PERLET,1
COO,1
JONAS,1
PIELA,1
AVUBA,1
BASIL,1
QUNIBI,1
REDFERN,1
REICH,1
SELMA,1
RIBICA,1
RIECHE,1
IWOCA,1
ANTONIA,1
ROFAGHA,1
YIN,1
RONG,1
ROSENBERGER,1
SARA,1
BATAN,1
ARJAN,1
SCHUTTE,1
VASUKI,1
SHASTRY,1
HYUNWOOK,1
SHIN,1
POPFUNDING,1
SHRIER,1
SILBERT,1
SIN,1
CIGNA,1
GURJEET,1
BALVINDER,1
TOOTPAY,1
SIDDARTH,1
MARIA,1
SIT,1
WALLACE,1
SONDEREGGER,1
STRATEGIST,1
STEWART,1
LENDDO,1
SUBER,1
STU,1
TALYOR,1
MATIN,1
TAMIZI,1
SHAW,1
SPIROS,1
THEODOSSIOU,1
SKRILL,1
TICKNER,1
TROTTA,1
WALES,1
WEBSTER,1
KARSTEN,1
WENZLAFF,1
DARREN,1
WESTLAKE,1
WILKINS,1
MMCO,1
EDAN,1
YAGO,1
EPIPHYTE,1
YING,1
PANDAI,1
JOYCE,1
ORIENTAL,1
PATRON,1
GIUSEPPE,1
ZOCCO,1
MIKA,1
CIOTOLA,1
EVAMARIA,1
THURNHOFER,1
JOERG,1
WEYDANZ,1
MAJA,1
SCHWOB,1
COLOR,1
PREVENTED,1
TIANJIN,1
CSUITE,1
ELEVEN,1
COMPRISE,1
EXERTING,1
SYNTHESISED,1
DELIBERATE,1
ATTACKED,1
IMMINENT,1
POSITIVELY,1
ONETIME,1
MODERNISE,1
COMPARISONSHOP,1
INTERNETOFTHINGSSMARTER,1
UNDISCOVERED,1
FLATTENS,1
ROBOADVISORS,1
EXTERNALISABLE,1
PROCESSASA,1
BESTEXECUTION,1
BESTEFFORTS,1
QUANTIFIABLE,1
SPECIALISATIONS,1
UNBUNDLE,1
GAVE,1
HIGHPOTENTIAL,1
CONVENE,1
CUTTINGEDGE,1
FUELING,1
THREATEN,1
OUTDATED,1
ORGANISED,1
MAP,1
MODULE,1
SCENARIOSA,1
NARRATIVES,1
UNDISRUPTED,1
PAYERS,1
REGIME,1
BROKEN,1
VALUEADDING,1
ECOMMERCE,1
DISPLACING,1
TRIPS,1
INFLEXIBILITY,1
ELECTRONICALLY,1
TAXATION,1
DOCUMENTING,1
NEARFIELD,1
GEOTAGGING,1
MOBILEBASED,1
ORDERING,1
TOKENISATION,1
OPENLOOP,1
CLOSEDLOOP,1
AUTHENTICATIONPAYMENT,1
NFC,1
QR,1
DIAGRAM,1
MOBILITY,1
CASHFLOW,1
OWNCARRY,1
PREFERABLE,1
REGULARLY,1
DECISIONMAKING,1
INAPP,1
EVERYDAY,1
RELINQUISH,1
MARGINALISATION,1
INCENTIVIZE,1
LOAD,1
MERCHANTBRANDED,1
OPTIMISED,1
HINDER,1
PROMPTING,1
UNLIMITED,1
CLICKS,1
TAPS,1
RECOMMEND,1
SURROUNDED,1
LINKAGE,1
IMPARTIALITY,1
ENGINES,1
SACRIFICING,1
REWARDING,1
ARMS,1
BACKWARD,1
PRIVATELABEL,1
FRONTS,1
CARDFUNDED,1
ACCOUNTFUNDED,1
BANKFUNDED,1
CARDDRIVEN,1
ENTRANCE,1
ENCOURAGEMENT,1
CASEBYCASE,1
NATIONALLY,1
VIOLATIONS,1
CONSTRUCT,1
CONFUSION,1
DECENTRALISATION,1
SIGNIFICANCE,1
INEXPENSIVE,1
FIX,1
ORIGINATED,1
INSTRUCTING,1
DIGITISATION,1
CENTURY,1
INSTANTANEOUS,1
RECEIVER,1
RECIPROCAL,1
BANKSENDER,1
INTRABANK,1
ASKS,1
BIC,1
IBAN,1
RESPONDS,1
NEARINSTANTANEOUS,1
SMTP,1
SERVERS,1
DENOMINATE,1
BEENZ,1
FLOOZ,1
DIGICASH,1
PSEUDONYMOUS,1
WHITEPAPER,1
BITCOINS,1
WEAKER,1
NONEXISTENT,1
CENT,1
RESEARCHERS,1
NOTED,1
UGANDA,1
BOTSWANA,1
GHANA,1
SPONTANEOUSLY,1
RELATIVES,1
FRIENDS,1
RESELL,1
KENYA,1
SAFARICOM,1
PHONEBASED,1
CELL,1
SMS,1
OUTLETS,1
NECESSARILY,1
MONIES,1
RECIPIENTMOBILE,1
TELCO,1
ACCOUNTBATCH,1
AUTHORISATIONFLOW,1
USEFULNESS,1
RECORDED,1
PRACTICALLY,1
UNALTERABLE,1
CONVENTIONAL,1
IRREVERSIBILITY,1
UNCONVENTIONAL,1
LARGESCALE,1
BORDER,1
MINIMISED,1
PROVIDERSTRADITIONAL,1
FLUCTUATION,1
REINFORCING,1
PROCESSOR,1
SEPARATED,1
SPLIT,1
COMPLEXITIES,1
FLOATS,1
MT,1
GOX,1
REDRESS,1
UNSOLVED,1
FUNERAL,1
PERCEIVING,1
UPGRADES,1
BLOCK,1
CEASE,1
NEARREALTIME,1
PROVIDERSREMITTANCE,1
AUGMENTING,1
RESTRUCTURED,1
DESIGNS,1
WEAKNESSES,1
UNWANTED,1
MITIGATED,1
NETWORKBASED,1
INHERENTLY,1
HOMOGENIZE,1
STANDARDISING,1
COUPLE,1
CENTRIC,1
OUTOFBOX,1
FACES,1
WHITELABELLING,1
CUSTOMERCENTRIC,1
SLOWEST,1
ADVANCING,1
SURPASSING,1
EAGGREGATOR,1
BEATTHATQUOTE,1
CATASTROPHE,1
COLLATERALISED,1
PAYAS,1
YOUGO,1
RENTALS,1
TOONE,1
INSURERSIMPACT,1
HOMOGENISES,1
ALLOWANCE,1
LOGICAL,1
COVERING,1
SUBTRACT,1
CUSTOMERBASED,1
FAMILY,1
CONCENTRATING,1
SUBURBAN,1
PACKAGE,1
AGRICULTURE,1
CAPACITIES,1
COMPREHENSIVELY,1
FAIRLY,1
ACTUALLY,1
PRODUCTSPECIFIC,1
PEACE,1
SIZECAPABILITIES,1
EXACERBATED,1
OVERSUBSCRIBE,1
SURVIVE,1
INDEPTH,1
CANCER,1
PATIENTS,1
MANHATTAN,1
PROFESSION,1
UNHEALTHY,1
CONCENTRATED,1
SELFINSURANCE,1
SELFINSURE,1
SELFINSURING,1
MONO,1
PENETRATE,1
TELECOMMUNICATION,1
CENTURIES,1
BACKWARDLOOKING,1
PREDICTION,1
CLAIMFREE,1
GPS,1
NEARREAL,1
AIR,1
BAG,1
ACCUMULATES,1
BEHAVIOURBASED,1
TELEMATICSBASED,1
DETERRING,1
POWERDELAYS,1
DATAINCENTIVES,1
INTERNETOFTHINGS,1
ANALYTICSCOMMUNICATION,1
TEMPERATURE,1
TRIAGING,1
QUANTIFIED,1
DATABASED,1
INSTALL,1
MIXANDMATCH,1
MEASURABILITY,1
DATARICH,1
CONTENT,1
CONSULTATION,1
PROCESSESNEW,1
WRISTBANDS,1
THERMOMETERS,1
USAGEBASED,1
APPBASED,1
USAGEBASEDINSURANCE,1
ADOPTABLE,1
EVENTBASED,1
AUTOMAKERS,1
PORTABLE,1
OS,1
ALARMS,1
THERMOSTATS,1
MANUFACTURES,1
REDEVELOPMENT,1
REDLINING,1
WARNINGS,1
INCAR,1
ARRANGE,1
CONSULTANTS,1
MAGNITUDE,1
MARMALADE,1
ELEARNING,1
VOLUNTARILY,1
HEALTHIER,1
GIFTS,1
LONGERTERM,1
MATTERS,1
DECEASE,1
GAMING,1
VACATION,1
APPROACHING,1
PACKAGES,1
INCENT,1
BOX,1
RECOVERY,1
GUARDIANS,1
TIRE,1
EARLYMOVERS,1
LOCKING,1
MISAPPROPRIATED,1
HALO,1
OPTIMISING,1
BANCASSURANCE,1
CROSSSUBSIDISING,1
ADOPTERS,1
LESSDESIRABLE,1
SEPARATION,1
FAIRNESS,1
APPETITES,1
INTERMEDIATED,1
ABSORBING,1
RISKIER,1
TIER,1
DISSIPATED,1
TIGHTENING,1
MISS,1
SHOWCASING,1
CUSTOMERORIENTED,1
MAINSTREAM,1
PARTLY,1
DIFFERENTIAL,1
MERE,1
COMPENSATED,1
RESERVES,1
MITIGATES,1
THIN,1
PRESSURED,1
REFERRAL,1
BORROWERSALTERNATIVE,1
MATURES,1
RISKADVERSE,1
DESTINATION,1
COMPETES,1
URBAN,1
REFERRING,1
INSTITUTIONSRISKAVERSE,1
ALLIANCE,1
COCREATION,1
INCLUSIVE,1
FUEL,1
SELECTIVELY,1
SUPPLEMENT,1
INSTANCE,1
CHANNELLING,1
RUNNING,1
STRAIGHTTHROUGH,1
MEDIUMTERM,1
SHRINKAGE,1
RISKTOLERANT,1
NURTURED,1
PRICESENSITIVE,1
PHOTO,1
PROHIBITIVE,1
BANKINGASPLATFORM,1
CUSTOMERFACING,1
TEXT,1
RUNS,1
EXPOSING,1
SEGMENTBASED,1
SOPHISTICATING,1
KIND,1
CENTRALITY,1
UX,1
BANCORP,1
WORRY,1
CANNIBALISE,1
DISPOSAL,1
MULTI,1
LATERAL,1
VIRTUALONLY,1
BANKCORP,1
FDICINSURED,1
ALLPOINT,1
FEEFREE,1
INCENTIVE,1
VERIFIER,1
SUBSIDISING,1
NONBANK,1
STORIES,1
EMULATE,1
HUMANHUMAN,1
TANGENT,1
SPACES,1
CARDLESS,1
WITHDRAWALS,1
AUGMENTED,1
FINDER,1
LOCKBOX,1
INFREQUENT,1
TOUCHPOINTSPRIMARY,1
CUSTOMERSFINANCIAL,1
UNIDENTIFIED,1
LITERATE,1
NONCOST,1
UNWILLING,1
ANCHORED,1
REDEFINING,1
EMPHASIS,1
ALACARTE,1
TRADEOFFS,1
TANGENTIAL,1
DEMOCRATISATION,1
FUNNEL,1
OUTWEIGH,1
PIPELINE,1
ENTREPRENEURSHIPFRIENDLY,1
FUELED,1
SCREENING,1
IPOS,1
JUMPSTART,1
STRICTLY,1
INADEQUATE,1
DETERRED,1
WEED,1
CREDIBLE,1
CARRIES,1
CUSTOMISABLE,1
CLAUSES,1
SEASONED,1
ALLOCATIONS,1
STRATIFIED,1
PREIPO,1
WORTHINSTITUTIONAL,1
MIDMARKETLARGE,1
PROSPECTS,1
OPTING,1
EARLYSTAGE,1
HIGHQUALITY,1
WELLDEFINED,1
WELLBALANCED,1
VC,1
INCUBATE,1
DILUTION,1
FAVORITE,1
COFFEE,1
REPAVING,1
ROADS,1
PURSUITS,1
LOWERRETURN,1
PLAYGROUNDS,1
PARKS,1
PITCH,1
RALLY,1
ENVIRONMENTALLY,1
PURPOSEFUL,1
TRIPLE,1
BOTTOM,1
REDEPLOY,1
MISALLOCATION,1
OVERCONCENTRATION,1
INSPIRED,1
EXITING,1
PERKS,1
FOOD,1
FOURYEAR,1
UNSECURED,1
BURRITO,1
WEEK,1
VOUCHER,1
BURRITOS,1
EXCEEDING,1
LOADED,1
EQUIVALENT,1
UNAVAILABLE,1
INDUCE,1
UNDERPRICING,1
UNDERSUBSCRIPTION,1
COVENANTS,1
ENTAILED,1
SHORTENING,1
SHORTENED,1
BROADENED,1
INTERNALLYDRIVEN,1
BROADENING,1
ADVISE,1
RETICENT,1
CRISISLACK,1
CLIENTSACCESSIBILITY,1
INFRASTRUCTUREAGILITY,1
ANNUITIES,1
RARE,1
HIGHEREND,1
INVESTABLE,1
DEMOCRATISING,1
CROWDCUSTOMER,1
EMPOWERMENTALGORITHMDRIVENLOWER,1
COMMODITISES,1
MANUALINTENSIVE,1
MINIMISES,1
INDIVIDUALISATION,1
SPUR,1
INTER,1
ENCOMPASS,1
DEFECT,1
HNWMASS,1
REBALANCED,1
PENETRATED,1
LOWFEE,1
IRRATIONAL,1
CRASH,1
SUITABLY,1
FORMERLY,1
INTERGENERATIONAL,1
FEATURING,1
REBALANCING,1
NONPRICE,1
AFFLUENTFOCUSED,1
VISUALISATION,1
STOCKPERFORMANCE,1
ESTIMATES,1
MIMIC,1
TRUSTS,1
MISALIGNMENT,1
CHURN,1
ENTRIES,1
TAIL,1
WELLPERFORMING,1
OVERLY,1
CONFIDENT,1
UNSUITABLE,1
INCENTIVISING,1
DIY,1
ONESTOP,1
INTENSIFIES,1
CONSTANTLYCHANGING,1
UNREACHABLE,1
CENTRALISE,1
REDUNDANT,1
NONCORE,1
NOTION,1
COMPETENCY,1
ARISING,1
DODDFRANK,1
STRICTER,1
ANTIMONEY,1
ADAPTING,1
NONECORE,1
INCONSISTENCY,1
IMPEDE,1
PHILOSOPHIES,1
ASASERVICE,1
BACKGROUNDS,1
COMPLIANCEDATA,1
STARTS,1
TRIALANDERROR,1
DYNAMIC,1
POSTTRADE,1
COPING,1
EXPENDED,1
AGGREGATES,1
PROJECTION,1
UTILISES,1
OUTLINERS,1
REDKITE,1
MONITORS,1
LAYERING,1
INSTANTANEOUSLY,1
OPENGAMMA,1
MANIPULATE,1
ATTAINABLE,1
FUTURETODAY,1
AVG,1
REPEATS,1
BACKSEAT,1
QUANT,1
MASSIVELYPARALLEL,1
ARCHITECTURES,1
USERFRIENDLY,1
VISUAL,1
ARMY,1
RESOURCE,1
REALLOCATE,1
SPECIALISING,1
CENTRALISATION,1
SPILLOVER,1
CAPITALISE,1
LEVELED,1
CONFIGURE,1
NORMALLY,1
REEVALUATE,1
INTERNALISED,1
SOLIDIFYING,1
MANAGEDSERVICE,1
MANAGEABLE,1
TENDS,1
FORMALISATION,1
AMPLIFICATION,1
INTERPRETATIONBASED,1
BLACKANDWHITE,1
INTERPRETED,1
MACHINEBASED,1
LENS,1
PROLIFERATED,1
LOCKSTEP,1
DETERMINATION,1
HIGHFREQUENCY,1
DEALERS,1
COORDINATING,1
DATASETS,1
TABB,1
ROUTING,1
PEAK,1
UNCOVER,1
MACHINEREADABLE,1
ASK,1
SELFCORRECT,1
PRESCRIPTIVE,1
PRIVILEGED,1
SPREADS,1
TIGHTEN,1
TRIGGERS,1
VASTLY,1
CHASING,1
INTRADAY,1
ASKBID,1
SNTMNT,1
SPECULATION,1
CONVERGES,1
VARIANCES,1
UNVEIL,1
SOPHISTICATE,1
NEURO,1
DIMENSION,1
TRADINGSOLUTIONS,1
COMBINES,1
NEURAL,1
GENETIC,1
SCRUTINISED,1
MISINTERPRETATION,1
UNFAVOURABLE,1
EXPLOSIONS,1
POSTED,1
SPREE,1
WIPED,1
RECOVERED,1
ANNOUNCEMENT,1
SECONDGUESSED,1
MARGINALISED,1
COMPUTATION,1
OBJECTIVELY,1
OVERTHE,1
COUNTER,1
DESIRABILITY,1
IMPERFECT,1
CRITICALLY,1
EVALUATED,1
TENDERS,1
INVENTORY,1
OVERLOOK,1
LIMITATION,1
REVEALING,1
UNDESIRED,1
INCENTIVISED,1
OBJECTIVITY,1
MERITS,1
RESEARCHED,1
CONTACTING,1
CATALOGUED,1
TOPLEVEL,1
LINELEVEL,1
SPECIALIZATION,1
CONSTRICTED,1
BROADEST,1
EXCLUDING,1
REASONABLY,1
INFLUENTIAL,1
SPECIALTIES,1
COLLUDING,1
DISORGANISED,1
ESCROW,1
CUSTODIAL,1
GROUPINGS,1
NEGOTIATION,1
DIMINISHES,1
FULFILLING,1
CONFLICTOFINTEREST,1
ABELLEE,1
MATTHEWBLAKE,1
HWANKIM,1
MEYER,1
AARON,1
AJMANI,1
ALEXANDRATOS,1
ROBLEH,1
ALI,1
ARMOUR,1
AKHTAR,1
BADSHAH,1
CATALYTIC,1
MURAD,1
BAIG,1
BARDY,1
ADI,1
BODSON,1
SVEN,1
BOSSU,1
CAROLYN,1
BURKE,1
ROSS,1
BURNETT,1
CAPLAN,1
CATCHPOLE,1
JAVIER,1
CELAYA,1
BANCO,1
CHRISTOPHE,1
CHAZOT,1
ILSA,1
CHRIST,1
LYNNE,1
COCKERELL,1
COLACO,1
CRANMER,1
DAME,1
DAMEVSKI,1
INPAY,1
STONE,1
CHALK,1
SHELLIE,1
AVERY,1
DELLHEIM,1
NIGEL,1
DOBSON,1
ANZ,1
KIRSTEN,1
DUNLOP,1
FARRELL,1
WOOD,1
MALLESONS,1
USAMA,1
FAYYAD,1
KARIN,1
FLINSPACH,1
FORDE,1
WIPRO,1
GALLAGHER,1
LA,1
SIERRA,1
INNOVENTURES,1
NICHOLAS,1
GIURIETTO,1
JULIAN,1
GORMAN,1
UDAYAN,1
GOYAL,1
GRONAGER,1
CHAINALYSIS,1
VANTAGE,1
ALDILA,1
HANANTO,1
HARPER,1
HARVEY,1
HAUSER,1
WESTPAC,1
HOLZER,1
HOOPER,1
GYS,1
HYMAN,1
CHETAN,1
JAIN,1
INSPIRA,1
JOHNSON,1
ASHTON,1
EIICHI,1
KASHIWAGI,1
STEFFEN,1
KERN,1
MATTHIAS,1
KRONER,1
ASHWIN,1
KUMAR,1
BOERSE,1
LANG,1
MIKKEL,1
LARSON,1
LEAVENWORTH,1
LEO,1
TYRO,1
FINTECHHUB,1
BLYTHE,1
MASTERS,1
LUKAS,1
MCCARTHY,1
PERPETUAL,1
QIC,1
MCFARLAND,1
MILLER,1
MOSS,1
NIESTAT,1
NOVANTAS,1
NIXON,1
MADAN,1
OBEROI,1
INTERPOL,1
OPREY,1
BHARAT,1
PATEL,1
PERKINSON,1
PICONE,1
PISCINI,1
DILAN,1
RAJASINGHAM,1
SURESH,1
RAMAMURTHI,1
DILIP,1
RAO,1
TARA,1
ROZMAN,1
JOY,1
SAVAGE,1
EUROCLEAR,1
MAKOTO,1
SHIBATA,1
SPOKE,1
NUCO,1
LIGHTNING,1
MAXWELL,1
SUTTON,1
ALISON,1
TARDITI,1
SUPERANNUATION,1
TILLOTSON,1
TIPPELL,1
MARCUS,1
TREACHER,1
ALAN,1
TSE,1
HEDI,1
UUSTALU,1
VANDER,1
AUWERA,1
VAUGHN,1
TIERION,1
WASDEN,1
UNIVERITY,1
UTAH,1
WILCOX,1
PARETIX,1
SHANE,1
WILLIAMS,1
LAWRENCE,1
WINTERMEYER,1
YOHANANOV,1
VIKAS,1
SINGLA,1
TALLEY,1
MAYANK,1
SINGHAL,1
ROBERTO,1
DURSCKI,1
IMAGINATIONS,1
EXPERIMENTATION,1
PATENTS,1
JOINED,1
UNHARMONIZED,1
REIMAGINED,1
SETUP,1
ARTICULATE,1
ENVISION,1
DOMAINS,1
SYDNEY,1
APR,1
YIELDED,1
SIMPLIFICATIONDLT,1
REDUCTIONDLT,1
MINIMIZATIONDLT,1
FUTUREEMERGING,1
RA,1
RM,1
PC,1
L,1
TW,1
KS,1
RN,1
SM,1
AR,1
VI,1
CE,1
OB,1
ILE,1
OVERNIGHT,1
INTRANETS,1
SPEARHEADED,1
RO,1
RS,1
RECORDING,1
TOOLBOX,1
QUANTUM,1
ROBOTICS,1
REDUCTIONGLOBAL,1
SETTLEMENTOPERATIONAL,1
SIGHT,1
CU,1
RR,1
TS,1
TA,1
ALTERING,1
EXPONENTIAL,1
PA,1
LIT,1
Y,1
LE,1
FU,1
TU,1
GAMES,1
FABRICS,1
INTENTIONALLY,1
UNINTENTIONALLY,1
ASYMMETRIC,1
ENFORCER,1
CHRONOLOGICAL,1
BLOCKS,1
INTRINSICALLY,1
FUNCTIONALLY,1
TRANSLATED,1
BOOK,1
UNBIASED,1
DISCOURSE,1
IDENTIFIABLE,1
NOTIONS,1
LIENSOWNERSHIPS,1
LOANED,1
QUANTIFYING,1
LIENS,1
NOMINAL,1
TRANSFORMS,1
DARK,1
SUBSETS,1
EFFORTLESSLY,1
CODIFY,1
MUTUALLY,1
UNILATERAL,1
ENFORCEMENTS,1
DEVIATIONS,1
ROADMAPS,1
ENVISIONED,1
ANSWERED,1
ROADMAP,1
CONCLUDE,1
NAVIGATE,1
ANALYZE,1
SHOWS,1
SUBSECTORS,1
JUSTIFIED,1
SAFEGUARDED,1
PARAMOUNT,1
QUESTIONING,1
ARCHITECTS,1
MALICIOUS,1
THOROUGH,1
METICULOUS,1
OUTPUTS,1
OCCASIONALLY,1
ACHIEVEMENT,1
INCORPORATED,1
REALIZED,1
UNIQUENESS,1
INTERNALEXTERNAL,1
MISTRUST,1
GATEKEEPER,1
CHARLIE,1
CORRESPONDENTS,1
EXPORTERCUSTOMS,1
SYNDICATES,1
PAVE,1
DEALER,1
APPROXIMATE,1
YEARLY,1
ESTIMATED,1
SURPASS,1
BRAZIL,1
NEWCOMERS,1
ARRIVING,1
INDIVIDUALBUSINESS,1
FACTBOOK,1
CAPGEMINI,1
CONFRONTS,1
MCKINSEY,1
WISHING,1
CORRIDORS,1
MESSAGINGSETTLEMENT,1
SPB,1
ZENGIN,1
COLLECTS,1
INQUIRIESDISPUTES,1
NETTED,1
PERIODICALLY,1
TIMESTAMPS,1
REPETITIVE,1
ROUTE,1
VALIDATED,1
BANKTRANSACTION,1
PICKUP,1
DATASET,1
FORECASTED,1
BUFFERS,1
MIDDLEMEN,1
MERGE,1
CONCRETE,1
OCCURRING,1
PROTOTYPES,1
GATEWAYS,1
DESTINATIONS,1
BOTTLENECK,1
WRITTEN,1
MOTOR,1
FORECAST,1
FINACCORD,1
VERISK,1
CASUALTIES,1
UNDERTAKES,1
DAMAGES,1
SOLVENCY,1
ADVISING,1
POLICE,1
RESTITUTION,1
ASSESSMENTSINTERVIEWS,1
CONCLUDING,1
REACHES,1
QUESTIONNAIRE,1
REWORK,1
DECISIONCALCULATION,1
ENCODED,1
ADJUSTORS,1
REGULATES,1
KEPT,1
JEOPARDIZING,1
ENFORCING,1
CAREFUL,1
SENSES,1
PROFILING,1
REGULATORSFIS,1
ADJUSTMENT,1
UNDERWRITER,1
LEAGUE,1
TABLES,1
ACCORDANCE,1
PROSPECTIVE,1
INVESTIGATION,1
DISPERSING,1
POSES,1
POPULATED,1
FOLLOWED,1
PROGRAMMABLE,1
REQUESTORS,1
ARRANGERS,1
MUTUALIZING,1
SUBPROCESSES,1
DOMINATES,1
INTEGRAL,1
DOESNT,1
PREPAYMENT,1
PIECEMEAL,1
DOCUMENTED,1
DOCUMENTATIONOVERSIGHT,1
TRUCK,1
SHIP,1
AIRCRAFT,1
IMPORTEXPORT,1
QUANTITY,1
COPY,1
INSPECTS,1
FAILS,1
MISCOMMUNICATION,1
FINANCED,1
AUTHENTICITY,1
VERSIONS,1
EXPORTING,1
DRAFTS,1
ACKNOWLEDGES,1
DECENTRALIZED,1
CREDITBILLS,1
CARRIERS,1
ENCAPSULATED,1
BAILOUTS,1
CRISES,1
UNTESTED,1
HISTORICALLY,1
FUELLED,1
WEEKS,1
CIRCUMSTANCE,1
BANKREGULATORS,1
AGREES,1
CAPITALIZATION,1
CALCULATED,1
LATEST,1
SUBSEQUENTLY,1
CALCULATES,1
OVERHAUL,1
IMPENDING,1
REPORTED,1
ANCILLARY,1
PUSHBACK,1
SURGING,1
REASONABLE,1
REQUISITE,1
REVIEWING,1
SUPERVISING,1
REGULATING,1
ANNUALLY,1
COORDINATE,1
TIMING,1
COPIES,1
POPULATE,1
SAMPLE,1
COPIED,1
EXCEPTION,1
ACCOUNTANTS,1
IRS,1
CADENCE,1
FEEDING,1
EXTRACTING,1
TRANSMITTING,1
PARTITION,1
ARDUOUS,1
AUDITS,1
ASSESSMENTREPORTING,1
ACTIVISM,1
STRENGTHENS,1
RECOGNIZING,1
IRREFUTABLY,1
ATTENDANCE,1
PARTICIPATES,1
PARTYINTERMEDIARIES,1
COUNSEL,1
WORKS,1
OBTAIN,1
ATTENDEES,1
PRINT,1
RESTRICTING,1
MINOR,1
UNCOVERED,1
LENGTH,1
UNVOTED,1
DISCREPANCIES,1
FINALIZED,1
COMPUTE,1
CORRUPTION,1
DISCRIMINATORY,1
CREATIVE,1
VOTER,1
RESPONSES,1
OUTLINE,1
COUNT,1
ACTIVIST,1
MANPOWER,1
CORRECTION,1
DISSEMINATED,1
SECURITIZE,1
EXACERBATING,1
QUARTER,1
SYNDICATIONS,1
ACQUIRES,1
AUTHORIZES,1
REPAYMENT,1
SECURITIZES,1
MORTGAGES,1
SELLS,1
REPACKAGES,1
TRANCHES,1
EXCEEDS,1
ORIGINATOR,1
BROADCASTS,1
INFRACTIONS,1
RESTRICTS,1
HYPOTHECATION,1
AIDING,1
RATED,1
PERCENTAGES,1
UNPROVEN,1
HISTORIES,1
COLLATERALIZED,1
PERPETUITY,1
NORMALIZATION,1
REPURCHASE,1
TERMINATES,1
VIOLATE,1
SECURITIESCASH,1
CASHEQUITY,1
LIBRARY,1
CHARTING,1
BROADRIDGE,1
INSTIGATES,1
VERSA,1
VALIDATING,1
SHORTLY,1
INTERIM,1
INCONSISTENTLY,1
CONFIRMATIONS,1
NETTING,1
DOLLARS,1
COMMANDS,1
BATCHING,1
CONSTANT,1
TRANSITIONING,1
TIMELINES,1
SCHATTERJEE,1
DIETTER,1
HAMMOND,1
MUKUL,1
AHUJA,1
ALBERS,1
BENZ,1
VIKRAM,1
BHAT,1
BREWER,1
BEN,1
BROPHY,1
ENTIQ,1
BYRNE,1
ERIS,1
CARY,1
NYMI,1
EMILY,1
CLAYTON,1
CLIPPINGER,1
COLEMAN,1
CROMBIE,1
MALCOLM,1
CROMPTON,1
DAVIES,1
AVOX,1
HOWARD,1
RBS,1
DIXON,1
DJORDJEVIC,1
DOMBROWSKI,1
HISTORIOCITY,1
DUFFY,1
CARLO,1
DUPREL,1
LUXEMBOURG,1
DURAND,1
PING,1
FERGUSON,1
CABINET,1
FISHENDEN,1
VOETEK,1
MARISSA,1
FLOWERDAY,1
IIF,1
ALKA,1
HARDINGES,1
HAYES,1
HODASH,1
RAINER,1
HOERBE,1
ARNE,1
VIDAR,1
HUAG,1
SIGNICAT,1
AFSAR,1
HUSSAIN,1
IENCO,1
NATASHA,1
JACKSON,1
JACOBY,1
HYDER,1
JAFFREY,1
JOHNSTON,1
TELUS,1
TANIS,1
TRULIOO,1
KEVELIGHAN,1
ALIM,1
KHALIQUE,1
JAAP,1
KUIPERS,1
LOCKE,1
CARIBOU,1
MARSHALL,1
LEAPFROG,1
MCKENNEY,1
ADEL,1
MELEK,1
MEREDITH,1
TASKFORCE,1
MORGENTHALER,1
RENNY,1
NARVAEZ,1
NEISTAT,1
NIEUWOUDT,1
PASCAL,1
NIZRI,1
REINHARD,1
POSCH,1
AUSTRIAN,1
RANNENBERG,1
GOETHE,1
PIERRE,1
ROBERGE,1
CONSULTANT,1
ROMANOVSKIY,1
RUDD,1
ASSUREUK,1
SCHWARZ,1
SMALING,1
HUBID,1
STAUFFER,1
GAVIN,1
STEELE,1
ASHLEY,1
STEVENSON,1
FORGEROCK,1
STROUD,1
PAVLO,1
TANASYUK,1
BLOCKVERIFY,1
TAVERNER,1
BITFURY,1
KENNETH,1
TESSEM,1
FINANSIELL,1
BID,1
THIBEAU,1
OIX,1
TURNER,1
GLOBALSIGN,1
ANEESH,1
VARMA,1
AIREIO,1
VATCHKOV,1
ALGEBRIS,1
ROY,1
HELENE,1
VIGUE,1
FRANZISKA,1
ARNIM,1
PATRICK,1
WALKER,1
WALLIS,1
WATKINS,1
BRITISH,1
COLUMBIA,1
CONORWHITE,1
GREGORY,1
WOLF,1
FEI,1
FAIZA,1
HARJI,1
GREENHOUSE,1
CONCERTED,1
SOCIETIES,1
EIDAS,1
CONVERSATION,1
SYNTHESIZES,1
STANDS,1
LICENSE,1
EVALUATING,1
DECENTRALIZING,1
CENTERS,1
STRICT,1
AFFORDED,1
ANDS,1
STRETCHES,1
ASSISTANCE,1
UNEMPLOYMENT,1
RENTING,1
APARTMENT,1
SOCIETAL,1
PRESSING,1
STRINGENT,1
SUFFERS,1
UNSUITED,1
INSECURE,1
INCONVENIENT,1
EGOVERNMENT,1
TOMBSTONE,1
CONFUSING,1
ADDRESSING,1
CROWDED,1
CENTRALIZING,1
OPERATIONALLY,1
CONVENIENTLY,1
EXCEPTIONALLY,1
INCENTIVIZED,1
RIGOROUSLY,1
SUBSTANTIAL,1
ENHANCEMENT,1
POSITIVE,1
RFIS,1
INACCURACY,1
STP,1
PAYOUTS,1
FRACTIONALLY,1
MINING,1
REFOCUSSING,1
NATIONALITY,1
DESKTOP,1
OLIGOPOLY,1
GOLDEN,1
DRAWBACKS,1
WRONG,1
SITUATIONAL,1
WASTED,1
SUMMARIZES,1
DESCRIBES,1
DISCUSSES,1
CONFIGURED,1
WON,1
MISUSE,1
ASKING,1
ANSWERING,1
MISREPRESENT,1
MISMATCH,1
INCORRECTLY,1
INCONVENIENTLY,1
SIZED,1
BANKINGBUSINESS,1
ATTACHING,1
EFFECTIVESUITABLE,1
PASSPORTS,1
ADAPTED,1
FALSIFIED,1
TAMPERED,1
PRESENTATION,1
INFLECTION,1
RICH,1
TAMPERING,1
INTERCEPTION,1
DECRYPTION,1
KEYLESS,1
HASHING,1
ATTRIBUTED,1
PROOFS,1
CONCEALING,1
SAML,1
PERSISTENT,1
CONTEXTUAL,1
RETINA,1
SCANNING,1
HEARTBEAT,1
WAVEFORM,1
FACIAL,1
DISTRUST,1
VALUELESS,1
EMOTIVE,1
CROSSROADS,1
ABOLISHED,1
INVALID,1
BBC,1
PHILIPPINE,1
ELECTORAL,1
BREACHED,1
GUARDIAN,1
TURKEY,1
SPILLS,1
WIRED,1
LOK,1
SABHA,1
OPPOSITION,1
FEARS,1
SURVEILLANCE,1
ENSURED,1
WALLS,1
DENIED,1
CRITICALITY,1
LIFT,1
ALLTIME,1
VICTIM,1
FCA,1
FINES,1
PRESSES,1
HUFFINGTON,1
ENDLESS,1
INHERITED,1
HEIGHT,1
FINGERPRINTS,1
LIFESPAN,1
ATTACHED,1
CUSTODIANSHIP,1
DRINKING,1
CITIZENSHIP,1
SANCTIONED,1
GENUINELY,1
BELONG,1
PROCEED,1
BIRTHDATE,1
DETERMING,1
REGISTRATIONS,1
SITE,1
PARKING,1
TICKET,1
PROVINCIAL,1
AFFILIATION,1
ATTESTED,1
ATTACHES,1
COMPLETES,1
OLDEST,1
SOMEONE,1
PROOFING,1
STRIDES,1
ASKED,1
BEARER,1
COMPUTER,1
REASON,1
MODIFICATION,1
DISPLAY,1
SHIELD,1
CRYSTALLIZATION,1
RICHNESS,1
RANGES,1
ELEMENT,1
BOLTED,1
CATEGORIZE,1
ST,1
RU,1
UR,1
FL,1
OW,1
IO,1
N,1
PERMISSIONED,1
PATHWAY,1
IDPRP,1
SALESFORCE,1
TELECOM,1
PERMITTED,1
DUTCH,1
APPLY,1
JUDICIAL,1
CENTRALLY,1
EXPLICIT,1
EXPLICITLY,1
TENDERED,1
DIGITALMOBILE,1
PRIVATELY,1
NAMES,1
ASSIGNS,1
FALSIFICATION,1
REVEAL,1
INFREQUENTLY,1
REDUNDANCY,1
RIGHTS,1
MAXIMUM,1
DEMOCRATIZE,1
AFRICAN,1
GRINDROD,1
BIOMETRIC,1
PIN,1
ILLEGITIMATE,1
ACCIDENTAL,1
INFRINGEMENT,1
DISCLOSED,1
ENDPOINT,1
RECOURSE,1
MISUSED,1
SEVERITY,1
MUTUALITY,1
ADVISED,1
REVOKE,1
UPLOAD,1
UPORT,1
DISPUTE,1
SCRAPPED,1
INCOMING,1
STATED,1
WASTEFUL,1
BUREAUCRATIC,1
INTRUSIVE,1
POSING,1
ACCOMMODATE,1
ROAD,1
HIGHEST,1
SPOTLIGHT,1
RESISTANT,1
DESTRUCTION,1
CONTINGENCY,1
ERASED,1
DOZENS,1
AUTOMOBILE,1
UNIVERSITIES,1
NATIONWIDE,1
INTEGRATES,1
SUPPLIED,1
MODELSREVENUE,1
FEDERATION,1
REMOVE,1
FORGOTTEN,1
REJECTED,1
MATCHED,1
SUBSCRIBE,1
ASSISTANCEPROCESS,1
REGISTRAR,1
INTRODUCER,1
ELECTED,1
REPRESENTATIVE,1
TEACHER,1
VOUCH,1
PERSONS,1
IMMIGRANTS,1
PHOTOGRAPH,1
IRIS,1
ENROLLED,1
INDIANS,1
DOMICILED,1
RESIDENCY,1
PROCEEDS,1
CRIMINAL,1
TRACED,1
VALUETRACING,1
IDENTIFIERS,1
MASTER,1
PERMIT,1
REGISTER,1
THREAD,1
COOPERATE,1
ATTESTING,1
SAFEGUARDS,1
MATERIALS,1
NETFLIX,1
ORGID,1
FUTURESTATE,1
ONBOARDED,1
DISREGARD,1
TEDIOUS,1
COUNTERPART,1
INFORMING,1
LINKAGES,1
AFFILIATED,1
EXACERBATES,1
MOVERS,1
OBSERVE,1
OUTWARDS,1
BOUNDED,1
INTERCONNECTING,1
INTERFERE,1
POPULATIONS,1
PURELY,1
REASONS,1
CONNECTIVE,1
TISSUE,1
GUIDED,1
WANTS,1
REINFORCES,1
STARTERS,1
TACTICAL,1
SUBSIDIZED,1
RENEWED,1
REFRESHED,1
COMMUNICATING,1
CROBSON,1
