RowID,Word
1,financial
2,customers
3,identity
4,institutions
5,data
6,services
7,market
8,platforms
9,digital
10,customer
11,key
12,information
13,bank
14,products
15,insurance
16,traditional
17,alternative
18,investment
19,investors
20,payment
21,banks
22,economic
23,risk
24,forum
25,payments
26,capital
27,implications
28,access
29,value
30,systems
31,uncertainties
32,management
33,providers
34,lending
35,insurers
36,transactions
37,processes
38,provide
39,system
40,future
41,potential
42,technology
43,regulatory
44,scenario
45,process
46,opportunities
47,risks
48,business
49,regulators
50,large
51,solutions
52,incumbents
53,intermediaries
54,asset
55,global
56,world
57,conclusion
58,equity
59,platform
60,smart
61,many
62,models
63,service
64,transfer
65,statesintroduction
66,trading
67,infrastructure
68,industry
69,credit
70,c
71,automated
72,markets
73,funding
74,individual
75,ecosystem
76,transaction
77,attributes
78,firms
79,across
80,online
81,banking
82,time
83,product
84,entities
85,ability
86,increased
87,findings
88,role
89,scale
90,mobile
91,wealth
92,distributed
93,costs
94,assets
95,high
96,based
97,deloitte
98,crowdfunding
99,critical
100,focus
